Número do Bem,Motivo
8444426944144,Falha na requisição HTTP
8444429773600,Falha na requisição HTTP
8444408447878,Falha na requisição HTTP
8555519420406,Falha na requisição HTTP
8787712727233,Falha na requisição HTTP
8787712739576,Falha na requisição HTTP
8444429283475,Falha na requisição HTTP
8444418901679,Falha na requisição HTTP
8444427299773,Falha na requisição HTTP
8444425645097,Falha na requisição HTTP
8444424133173,Falha na requisição HTTP
8444429806818,Falha na requisição HTTP
8787703549735,Falha na requisição HTTP
8787701899615,Falha na requisição HTTP
8787703194597,Falha na requisição HTTP
8787705420250,Falha na requisição HTTP
8787703202964,Falha na requisição HTTP
8787710771979,Falha na requisição HTTP
8787701698989,Falha na requisição HTTP
8787701779490,Falha na requisição HTTP
8787701791407,Falha na requisição HTTP
8787701904252,Falha na requisição HTTP
8787701934585,Falha na requisição HTTP
8787702314505,Falha na requisição HTTP
8787702693310,Falha na requisição HTTP
8787702829017,Falha na requisição HTTP
8787703271915,Falha na requisição HTTP
8787703476053,Falha na requisição HTTP
8787703539160,Falha na requisição HTTP
8787703670038,Falha na requisição HTTP
8787704002870,Falha na requisição HTTP
8787713932779,Falha na requisição HTTP
8444428790721,Falha na requisição HTTP
8787704497623,Falha na requisição HTTP
8787705391900,Falha na requisição HTTP
8787705477146,Falha na requisição HTTP
8787705647980,Falha na requisição HTTP
8787705691571,Falha na requisição HTTP
8787705717481,Falha na requisição HTTP
8787702847805,Falha na requisição HTTP
8787703697718,Falha na requisição HTTP
8787703952092,Falha na requisição HTTP
8444413279465,Falha na requisição HTTP
8787714493566,Falha na requisição HTTP
8787714535102,Falha na requisição HTTP
8444433965534,Falha na requisição HTTP
8787705286154,Falha na requisição HTTP
8787709836574,Falha na requisição HTTP
8787710470111,Falha na requisição HTTP
8787710517002,Falha na requisição HTTP
8787705679679,Falha na requisição HTTP
8787704480631,Falha na requisição HTTP
8787703610108,Falha na requisição HTTP
8787704514560,Falha na requisição HTTP
8787714445235,Falha na requisição HTTP
8787710296413,Falha na requisição HTTP
8787710659753,Falha na requisição HTTP
8787703417677,Falha na requisição HTTP
8787704552500,Falha na requisição HTTP
8787714104446,Falha na requisição HTTP
8787701976466,Falha na requisição HTTP
8787710445591,Falha na requisição HTTP
8787703815788,Falha na requisição HTTP
8787704588785,Falha na requisição HTTP
8787714257846,Falha na requisição HTTP
8787703304350,Falha na requisição HTTP
1787702022760,Falha na requisição HTTP
10284141,Falha na requisição HTTP
8787710874085,Falha na requisição HTTP
8444408405334,Falha na requisição HTTP
10218088,Falha na requisição HTTP
10278250,Falha na requisição HTTP
10217331,Falha na requisição HTTP
8444411574354,Falha na requisição HTTP
1444405830346,Falha na requisição HTTP
8787708907257,Falha na requisição HTTP
8444416178473,Falha na requisição HTTP
1444402933330,Falha na requisição HTTP
10210360,Falha na requisição HTTP
1444400843091,Falha na requisição HTTP
1444421776709,Falha na requisição HTTP
8444423297075,Falha na requisição HTTP
8444429014849,Falha na requisição HTTP
8155200010988,Falha na requisição HTTP
8444408723131,Falha na requisição HTTP
8444419750062,Falha na requisição HTTP
8444423234065,Falha na requisição HTTP
8787700728213,Falha na requisição HTTP
8787718087317,Falha na requisição HTTP
1444415736636,Falha na requisição HTTP
8444416847197,Falha na requisição HTTP
8444428347232,Falha na requisição HTTP
8444403839212,Falha na requisição HTTP
8787701336343,Falha na requisição HTTP
8444422313999,Falha na requisição HTTP
8444410704823,Falha na requisição HTTP
8444423370198,Falha na requisição HTTP
1444412444294,Falha na requisição HTTP
1444411861568,Falha na requisição HTTP
1444413240730,Falha na requisição HTTP
8444421833484,Falha na requisição HTTP
8444418135747,Falha na requisição HTTP
8444413770436,Falha na requisição HTTP
8555524633200,Falha na requisição HTTP
1444411131985,Falha na requisição HTTP
8444404798498,Falha na requisição HTTP
8555512847072,Falha na requisição HTTP
8444420124994,Falha na requisição HTTP
8444409573508,Falha na requisição HTTP
8444406189855,Falha na requisição HTTP
8555515362061,Falha na requisição HTTP
8444419915053,Falha na requisição HTTP
1444403263827,Falha na requisição HTTP
10275690,Falha na requisição HTTP
8444414758774,Falha na requisição HTTP
8444422690300,Falha na requisição HTTP
1555523652970,Falha na requisição HTTP
10209029,Falha na requisição HTTP
8444416037128,Falha na requisição HTTP
8787713812188,Falha na requisição HTTP
8787713461253,Falha na requisição HTTP
8555518955551,Falha na requisição HTTP
8787717235088,Falha na requisição HTTP
1600000046730,Falha na requisição HTTP
8195200514055,Falha na requisição HTTP
8444429850655,Falha na requisição HTTP
1444401853260,Falha na requisição HTTP
1555528553075,Falha na requisição HTTP
1444401008382,Falha na requisição HTTP
8444407769685,Falha na requisição HTTP
8787713901563,Falha na requisição HTTP
8787713122408,Falha na requisição HTTP
8787713734918,Falha na requisição HTTP
8787714229087,Falha na requisição HTTP
8444404357122,Falha na requisição HTTP
8787715870134,Falha na requisição HTTP
8444405091304,Falha na requisição HTTP
8555537007795,Falha na requisição HTTP
1444407173466,Falha na requisição HTTP
1555530500552,Falha na requisição HTTP
8036800016569,Falha na requisição HTTP
8444406014702,Falha na requisição HTTP
8444410742032,Falha na requisição HTTP
8787714501054,Falha na requisição HTTP
8787715313030,Falha na requisição HTTP
8787715362562,Falha na requisição HTTP
8555521989046,Falha na requisição HTTP
8444424217172,Falha na requisição HTTP
8444406996831,Falha na requisição HTTP
8787703522527,Falha na requisição HTTP
8787705100042,Falha na requisição HTTP
8787715624605,Falha na requisição HTTP
1555514603105,Falha na requisição HTTP
8444408572575,Falha na requisição HTTP
10285153,Falha na requisição HTTP
1555506792891,Falha na requisição HTTP
8555517442550,Falha na requisição HTTP
8195200512893,Falha na requisição HTTP
8444414898894,Falha na requisição HTTP
8444415316759,Falha na requisição HTTP
8555526284016,Falha na requisição HTTP
8787715025965,Falha na requisição HTTP
8787713670154,Falha na requisição HTTP
1787702917503,Falha na requisição HTTP
8787717371054,Falha na requisição HTTP
1444419074204,Falha na requisição HTTP
8787715863944,Falha na requisição HTTP
1555518382391,Falha na requisição HTTP
1787701723837,Falha na requisição HTTP
10283597,Falha na requisição HTTP
8787715828235,Falha na requisição HTTP
8787701028479,Falha na requisição HTTP
8444410130398,Falha na requisição HTTP
1444417566720,Falha na requisição HTTP
8787709207836,Falha na requisição HTTP
8444402770677,Falha na requisição HTTP
8787713964603,Falha na requisição HTTP
8444410527220,Falha na requisição HTTP
8444430192259,Falha na requisição HTTP
8444424651174,Falha na requisição HTTP
8787703642182,Falha na requisição HTTP
1444420155069,Falha na requisição HTTP
1444421038260,Falha na requisição HTTP
8444419577549,Falha na requisição HTTP
1444417646480,Falha na requisição HTTP
1444417647142,Falha na requisição HTTP
1444419222424,Falha na requisição HTTP
8555518895613,Falha na requisição HTTP
8555533693309,Falha na requisição HTTP
8555533968766,Falha na requisição HTTP
8555535638666,Falha na requisição HTTP
8555536897673,Falha na requisição HTTP
8787703495961,Falha na requisição HTTP
8787712290358,Falha na requisição HTTP
8787712299754,Falha na requisição HTTP
8787713867748,Falha na requisição HTTP
8787714970003,Falha na requisição HTTP
8787716737225,Falha na requisição HTTP
8444407408992,Falha na requisição HTTP
8555507754894,Falha na requisição HTTP
8555514026327,Falha na requisição HTTP
8555519425785,Falha na requisição HTTP
8444421971402,Falha na requisição HTTP
8444423636724,Falha na requisição HTTP
8444405979690,Falha na requisição HTTP
8444408378060,Falha na requisição HTTP
8444409764338,Falha na requisição HTTP
1444419929838,Falha na requisição HTTP
8444430437030,Falha na requisição HTTP
1444419295294,Falha na requisição HTTP
1444419558678,Falha na requisição HTTP
1444419536801,Falha na requisição HTTP
1444420734778,Falha na requisição HTTP
8444431619701,Falha na requisição HTTP
1444422945768,Falha na requisição HTTP
8444433419890,Falha na requisição HTTP
1444423126671,Falha na requisição HTTP
8444433866030,Falha na requisição HTTP
8444418429651,Falha na requisição HTTP
8444421138310,Falha na requisição HTTP
8444433495198,Falha na requisição HTTP
8444427107912,Falha na requisição HTTP
8444413510329,Falha na requisição HTTP
8444436541760,Falha na requisição HTTP
8444425471404,Falha na requisição HTTP
8444423096460,Falha na requisição HTTP
8555517933309,Falha na requisição HTTP
8555527871110,Falha na requisição HTTP
1444423081724,Falha na requisição HTTP
10204783,Falha na requisição HTTP
10197891,Falha na requisição HTTP
10199856,Falha na requisição HTTP
8555505861120,Falha na requisição HTTP
8787710356033,Falha na requisição HTTP
8444424621569,Falha na requisição HTTP
1555520929360,Falha na requisição HTTP
8555540288791,Falha na requisição HTTP
8444431531472,Falha na requisição HTTP
8444421342448,Falha na requisição HTTP
8444429631848,Falha na requisição HTTP
8555537332998,Falha na requisição HTTP
8444410616134,Falha na requisição HTTP
8444427738246,Falha na requisição HTTP
8444429491710,Falha na requisição HTTP
8444419079239,Falha na requisição HTTP
8444436351626,Falha na requisição HTTP
8787711709649,Falha na requisição HTTP
8555523710995,Falha na requisição HTTP
1444416389395,Falha na requisição HTTP
8787700787074,Falha na requisição HTTP
8444426708157,Falha na requisição HTTP
8444411659848,Falha na requisição HTTP
8787706648408,Falha na requisição HTTP
8787703704226,Falha na requisição HTTP
8787713262129,Falha na requisição HTTP
8787704730670,Falha na requisição HTTP
8787706186102,Falha na requisição HTTP
8787710901619,Falha na requisição HTTP
8787703569655,Falha na requisição HTTP
8787704120902,Falha na requisição HTTP
8787705535723,Falha na requisição HTTP
8787700275324,Falha na requisição HTTP
8787700697369,Falha na requisição HTTP
8555526878609,Falha na requisição HTTP
8787711633910,Falha na requisição HTTP
8787702319914,Falha na requisição HTTP
8555515096507,Falha na requisição HTTP
8444427706360,Falha na requisição HTTP
8787713712914,Falha na requisição HTTP
8787715430851,Falha na requisição HTTP
8787707647480,Falha na requisição HTTP
8787713042676,Falha na requisição HTTP
8787714934511,Falha na requisição HTTP
8787712778865,Falha na requisição HTTP
8787714641964,Falha na requisição HTTP
8787706686121,Falha na requisição HTTP
8787712234008,Falha na requisição HTTP
8787714930974,Falha na requisição HTTP
8787708457057,Falha na requisição HTTP
8787711804390,Falha na requisição HTTP
8787712231580,Falha na requisição HTTP
8787712235705,Falha na requisição HTTP
8787712671459,Falha na requisição HTTP
8787715170574,Falha na requisição HTTP
8787703804964,Falha na requisição HTTP
8787705256697,Falha na requisição HTTP
8787705745582,Falha na requisição HTTP
8787711321233,Falha na requisição HTTP
8555513549792,Falha na requisição HTTP
8787701887528,Falha na requisição HTTP
1787702194668,Falha na requisição HTTP
1555519900973,Falha na requisição HTTP
1555538052761,Falha na requisição HTTP
1787701625185,Falha na requisição HTTP
8787700914262,Falha na requisição HTTP
8787708604360,Falha na requisição HTTP
8787715795370,Falha na requisição HTTP
8787704728854,Falha na requisição HTTP
8444408523795,Falha na requisição HTTP
8787717652142,Falha na requisição HTTP
8787704191648,Falha na requisição HTTP
8787700311169,Falha na requisição HTTP
1555516142300,Falha na requisição HTTP
1787701474780,Falha na requisição HTTP
8787703941520,Falha na requisição HTTP
1444400750689,Falha na requisição HTTP
8787708426801,Falha na requisição HTTP
8787716449327,Falha na requisição HTTP
8787714664620,Falha na requisição HTTP
8555521292444,Falha na requisição HTTP
8787714972286,Falha na requisição HTTP
8787715184893,Falha na requisição HTTP
8787704054799,Falha na requisição HTTP
8787707508251,Falha na requisição HTTP
8787707622763,Falha na requisição HTTP
8787712396059,Falha na requisição HTTP
8787713458864,Falha na requisição HTTP
8787705369076,Falha na requisição HTTP
8787708542321,Falha na requisição HTTP
8787710135568,Falha na requisição HTTP
8787711148965,Falha na requisição HTTP
8787711654283,Falha na requisição HTTP
8787713097829,Falha na requisição HTTP
8787713115860,Falha na requisição HTTP
8787713132810,Falha na requisição HTTP
8787713815284,Falha na requisição HTTP
8787714700758,Falha na requisição HTTP
8787716229637,Falha na requisição HTTP
8787718186226,Falha na requisição HTTP
8787701140635,Falha na requisição HTTP
8787705530217,Falha na requisição HTTP
8787706834449,Falha na requisição HTTP
8787707072496,Falha na requisição HTTP
8787707328326,Falha na requisição HTTP
8787708269757,Falha na requisição HTTP
8787709410127,Falha na requisição HTTP
8787714438220,Falha na requisição HTTP
8787711412824,Falha na requisição HTTP
8787700869437,Falha na requisição HTTP
8787714179497,Falha na requisição HTTP
8787712607939,Falha na requisição HTTP
8555538294275,Falha na requisição HTTP
8787714999443,Falha na requisição HTTP
8787713758604,Falha na requisição HTTP
8787704718891,Falha na requisição HTTP
8444431133540,Falha na requisição HTTP
8787710664374,Falha na requisição HTTP
8787711332634,Falha na requisição HTTP
8787710701334,Falha na requisição HTTP
8787718740720,Falha na requisição HTTP
8444413032150,Falha na requisição HTTP
1444421293384,Falha na requisição HTTP
8444430102292,Falha na requisição HTTP
8444433223821,Falha na requisição HTTP
8444419833766,Falha na requisição HTTP
8444417365323,Falha na requisição HTTP
8444433976978,Falha na requisição HTTP
8444408183536,Falha na requisição HTTP
1555517587844,Falha na requisição HTTP
8444429049200,Falha na requisição HTTP
8444426571550,Falha na requisição HTTP
8444426665563,Falha na requisição HTTP
1444402665573,Falha na requisição HTTP
1444406866450,Falha na requisição HTTP
8787711277501,Falha na requisição HTTP
8787716611701,Falha na requisição HTTP
1555522986573,Falha na requisição HTTP
1155533600021,Falha na requisição HTTP
1155533600048,Falha na requisição HTTP
1155533600056,Falha na requisição HTTP
1155533600064,Falha na requisição HTTP
1155533600072,Falha na requisição HTTP
1155533600080,Falha na requisição HTTP
1155533600099,Falha na requisição HTTP
1155533600102,Falha na requisição HTTP
1155533600110,Falha na requisição HTTP
1155533600129,Falha na requisição HTTP
1155533600137,Falha na requisição HTTP
1155533600170,Falha na requisição HTTP
1155533600188,Falha na requisição HTTP
1155533600196,Falha na requisição HTTP
1155533600218,Falha na requisição HTTP
1155533600226,Falha na requisição HTTP
1155533600234,Falha na requisição HTTP
1155533600307,Falha na requisição HTTP
1155533600366,Falha na requisição HTTP
1155533600374,Falha na requisição HTTP
1155533600382,Falha na requisição HTTP
1155533600390,Falha na requisição HTTP
1155533600404,Falha na requisição HTTP
1155533600412,Falha na requisição HTTP
1155533600420,Falha na requisição HTTP
1155533600439,Falha na requisição HTTP
1155533600447,Falha na requisição HTTP
1155533600455,Falha na requisição HTTP
1155533600471,Falha na requisição HTTP
1155533600480,Falha na requisição HTTP
1155533600498,Falha na requisição HTTP
8555519900548,Falha na requisição HTTP
8039500327423,Falha na requisição HTTP
8555535846145,Falha na requisição HTTP
8444428414819,Falha na requisição HTTP
1155533600013,Falha na requisição HTTP
1155533600340,Falha na requisição HTTP
1155533600358,Falha na requisição HTTP
1155533600323,Falha na requisição HTTP
1155533600331,Falha na requisição HTTP
1155533600315,Falha na requisição HTTP
1155533600463,Falha na requisição HTTP
1155533600161,Falha na requisição HTTP
1155533600145,Falha na requisição HTTP
1155533600153,Falha na requisição HTTP
1155533600242,Falha na requisição HTTP
1155533600250,Falha na requisição HTTP
1155533600269,Falha na requisição HTTP
1155533600277,Falha na requisição HTTP
1155533600285,Falha na requisição HTTP
1155533600030,Falha na requisição HTTP
8444417174056,Falha na requisição HTTP
8444413941389,Falha na requisição HTTP
8555522413970,Falha na requisição HTTP
8444411854748,Falha na requisição HTTP
8444426621396,Falha na requisição HTTP
8444409078248,Falha na requisição HTTP
10277173,Falha na requisição HTTP
8444430042478,Falha na requisição HTTP
8039800012142,Falha na requisição HTTP
8444424960398,Falha na requisição HTTP
8444432808796,Falha na requisição HTTP
1444415161110,Falha na requisição HTTP
1444416480724,Falha na requisição HTTP
1444419166524,Falha na requisição HTTP
8444421270536,Falha na requisição HTTP
8787702509594,Falha na requisição HTTP
8444419358375,Falha na requisição HTTP
8444424571189,Falha na requisição HTTP
1444423163887,Falha na requisição HTTP
8555530558354,Falha na requisição HTTP
8555530796212,Falha na requisição HTTP
8555531006762,Falha na requisição HTTP
8555530566888,Falha na requisição HTTP
8555530550183,Falha na requisição HTTP
8555530688649,Falha na requisição HTTP
8555531071629,Falha na requisição HTTP
8444419382004,Falha na requisição HTTP
8787709407932,Falha na requisição HTTP
8444417340029,Falha na requisição HTTP
1444408114382,Falha na requisição HTTP
8444427461627,Falha na requisição HTTP
8444409902510,Falha na requisição HTTP
8444417560509,Falha na requisição HTTP
8555538948216,Falha na requisição HTTP
8444411664183,Falha na requisição HTTP
8555506229583,Falha na requisição HTTP
1444421418659,Falha na requisição HTTP
8444402801190,Falha na requisição HTTP
8444416586423,Falha na requisição HTTP
1444422825932,Falha na requisição HTTP
1444423232773,Falha na requisição HTTP
8444409305856,Falha na requisição HTTP
8444432935399,Falha na requisição HTTP
8444421079119,Falha na requisição HTTP
8444425707270,Falha na requisição HTTP
8444423037359,Falha na requisição HTTP
8555530306185,Falha na requisição HTTP
8787713296511,Falha na requisição HTTP
8444426522746,Falha na requisição HTTP
8444416208038,Falha na requisição HTTP
8787705426738,Falha na requisição HTTP
8444431226092,Falha na requisição HTTP
8787711234926,Falha na requisição HTTP
8444410982300,Falha na requisição HTTP
8444418420549,Falha na requisição HTTP
8787703228750,Falha na requisição HTTP
8787705123158,Falha na requisição HTTP
8787710190046,Falha na requisição HTTP
8444431942200,Falha na requisição HTTP
8787708674651,Falha na requisição HTTP
8787712339810,Falha na requisição HTTP
8787708400950,Falha na requisição HTTP
8787709501718,Falha na requisição HTTP
8787710806420,Falha na requisição HTTP
8787700071427,Falha na requisição HTTP
8444429988576,Falha na requisição HTTP
8787715386844,Falha na requisição HTTP
8444428687432,Falha na requisição HTTP
8787708962177,Falha na requisição HTTP
8787711546936,Falha na requisição HTTP
8787711550747,Falha na requisição HTTP
8555530757438,Falha na requisição HTTP
8555510346831,Falha na requisição HTTP
1444417955963,Falha na requisição HTTP
1787701850979,Falha na requisição HTTP
1444418641539,Falha na requisição HTTP
1555528950171,Falha na requisição HTTP
1444416368541,Falha na requisição HTTP
8444432519921,Falha na requisição HTTP
8787711214470,Falha na requisição HTTP
8444421882680,Falha na requisição HTTP
8555524650872,Falha na requisição HTTP
8444407145967,Falha na requisição HTTP
8555518549030,Falha na requisição HTTP
8787708140754,Falha na requisição HTTP
8787713025283,Falha na requisição HTTP
8787714377620,Falha na requisição HTTP
8787714431510,Falha na requisição HTTP
8787714846361,Falha na requisição HTTP
8787714901419,Falha na requisição HTTP
8787715187000,Falha na requisição HTTP
8444411148185,Falha na requisição HTTP
8787705407512,Falha na requisição HTTP
8787705623908,Falha na requisição HTTP
8787711380124,Falha na requisição HTTP
8040000051945,Falha na requisição HTTP
8787714265296,Falha na requisição HTTP
8787717231244,Falha na requisição HTTP
8444430062592,Falha na requisição HTTP
8787702561367,Falha na requisição HTTP
8787704301672,Falha na requisição HTTP
8444407186221,Falha na requisição HTTP
1444419491549,Falha na requisição HTTP
8444405655704,Falha na requisição HTTP
8444407072145,Falha na requisição HTTP
8444425455883,Falha na requisição HTTP
8444423267710,Falha na requisição HTTP
8787700131632,Falha na requisição HTTP
1555531774052,Falha na requisição HTTP
1444413582798,Falha na requisição HTTP
8444413493602,Falha na requisição HTTP
8444400717841,Falha na requisição HTTP
8444423144945,Falha na requisição HTTP
8444414623003,Falha na requisição HTTP
8555526852049,Falha na requisição HTTP
8444425318088,Falha na requisição HTTP
8126400012441,Falha na requisição HTTP
1600000016830,Falha na requisição HTTP
8444407275895,Falha na requisição HTTP
8555529503266,Falha na requisição HTTP
1444417588120,Falha na requisição HTTP
8444416135154,Falha na requisição HTTP
1600000173286,Falha na requisição HTTP
8555524395880,Falha na requisição HTTP
8787705763866,Falha na requisição HTTP
8787702762052,Falha na requisição HTTP
8126600006500,Falha na requisição HTTP
1444402950316,Falha na requisição HTTP
1444421014493,Falha na requisição HTTP
1444418887481,Falha na requisição HTTP
1444412362956,Falha na requisição HTTP
8555536367798,Falha na requisição HTTP
8444420937413,Falha na requisição HTTP
8787716291464,Falha na requisição HTTP
8444402334290,Falha na requisição HTTP
8787702536249,Falha na requisição HTTP
8555536271596,Falha na requisição HTTP
8787701511960,Falha na requisição HTTP
8787718250838,Falha na requisição HTTP
8444416051317,Falha na requisição HTTP
8555513954751,Falha na requisição HTTP
8444412768098,Falha na requisição HTTP
10211902,Falha na requisição HTTP
10210439,Falha na requisição HTTP
10210440,Falha na requisição HTTP
10210441,Falha na requisição HTTP
10210443,Falha na requisição HTTP
8444416098356,Falha na requisição HTTP
8444416719032,Falha na requisição HTTP
8444414758731,Falha na requisição HTTP
8444424717728,Falha na requisição HTTP
8444409355438,Falha na requisição HTTP
8444421742560,Falha na requisição HTTP
1555525514702,Falha na requisição HTTP
1444403484645,Falha na requisição HTTP
8444402676875,Falha na requisição HTTP
8555535398410,Falha na requisição HTTP
8555535210968,Falha na requisição HTTP
8555523514746,Falha na requisição HTTP
10286291,Falha na requisição HTTP
10286292,Falha na requisição HTTP
8444412582717,Falha na requisição HTTP
1444420339402,Falha na requisição HTTP
1444411995211,Falha na requisição HTTP
8555523337410,Falha na requisição HTTP
1095700252993,Falha na requisição HTTP
10005088,Falha na requisição HTTP
8555533444996,Falha na requisição HTTP
8787710098220,Falha na requisição HTTP
8444404432604,Falha na requisição HTTP
10213921,Falha na requisição HTTP
8787707672779,Falha na requisição HTTP
8787712687541,Falha na requisição HTTP
8444432265466,Falha na requisição HTTP
8787712795050,Falha na requisição HTTP
8787709845751,Falha na requisição HTTP
10005594,Falha na requisição HTTP
8555530858846,Falha na requisição HTTP
8444404591125,Falha na requisição HTTP
8444404217231,Falha na requisição HTTP
8444405022787,Falha na requisição HTTP
8444401305172,Falha na requisição HTTP
8444400738016,Falha na requisição HTTP
8444401106650,Falha na requisição HTTP
8444421119838,Falha na requisição HTTP
8444424051100,Falha na requisição HTTP
8444402136587,Falha na requisição HTTP
8444403671885,Falha na requisição HTTP
8444404080740,Falha na requisição HTTP
8444405113006,Falha na requisição HTTP
8444406528072,Falha na requisição HTTP
8444406853291,Falha na requisição HTTP
8444411993284,Falha na requisição HTTP
8444424773768,Falha na requisição HTTP
8444400500710,Falha na requisição HTTP
8444400714605,Falha na requisição HTTP
8444402445636,Falha na requisição HTTP
8444406180300,Falha na requisição HTTP
8444407542257,Falha na requisição HTTP
8444410276201,Falha na requisição HTTP
8444414865937,Falha na requisição HTTP
8444400661374,Falha na requisição HTTP
8444401804624,Falha na requisição HTTP
8444402072244,Falha na requisição HTTP
8444406203688,Falha na requisição HTTP
8444410029719,Falha na requisição HTTP
8555509779150,Falha na requisição HTTP
8444402393768,Falha na requisição HTTP
8444413334989,Falha na requisição HTTP
1444406984410,Falha na requisição HTTP
8444424508258,Falha na requisição HTTP
8444410476960,Falha na requisição HTTP
8555510908180,Falha na requisição HTTP
8444405564652,Falha na requisição HTTP
8444412432510,Falha na requisição HTTP
8444408894912,Falha na requisição HTTP
8444408785455,Falha na requisição HTTP
8444404340572,Falha na requisição HTTP
8444410494225,Falha na requisição HTTP
8444403771090,Falha na requisição HTTP
8444403153388,Falha na requisição HTTP
8444411323327,Falha na requisição HTTP
8444408935619,Falha na requisição HTTP
8444409257550,Falha na requisição HTTP
8444412748569,Falha na requisição HTTP
8444403942781,Falha na requisição HTTP
8444410800091,Falha na requisição HTTP
8444411006585,Falha na requisição HTTP
8444410712095,Falha na requisição HTTP
8444403248044,Falha na requisição HTTP
8444410992489,Falha na requisição HTTP
8444403980160,Falha na requisição HTTP
8444406403091,Falha na requisição HTTP
8444408778831,Falha na requisição HTTP
8444402900597,Falha na requisição HTTP
8444409361640,Falha na requisição HTTP
8444409410030,Falha na requisição HTTP
8444410909875,Falha na requisição HTTP
8444413167497,Falha na requisição HTTP
8555534715470,Falha na requisição HTTP
8555538285365,Falha na requisição HTTP
8555538770301,Falha na requisição HTTP
8555531710990,Falha na requisição HTTP
8444407526669,Falha na requisição HTTP
8555538859604,Falha na requisição HTTP
8444414231270,Falha na requisição HTTP
8444425889336,Falha na requisição HTTP
8555530951544,Falha na requisição HTTP
8444422905683,Falha na requisição HTTP
8555536063934,Falha na requisição HTTP
8555540065750,Falha na requisição HTTP
8555532010933,Falha na requisição HTTP
8555532139286,Falha na requisição HTTP
8555538345252,Falha na requisição HTTP
8444404553312,Falha na requisição HTTP
8444428053069,Falha na requisição HTTP
8555533100014,Falha na requisição HTTP
8555533181812,Falha na requisição HTTP
8555536589464,Falha na requisição HTTP
8444411712145,Falha na requisição HTTP
8555525434960,Falha na requisição HTTP
8444413188834,Falha na requisição HTTP
8555531384929,Falha na requisição HTTP
8555533361136,Falha na requisição HTTP
8444406849502,Falha na requisição HTTP
8444405297328,Falha na requisição HTTP
8444415639051,Falha na requisição HTTP
8555535131081,Falha na requisição HTTP
8555537399537,Falha na requisição HTTP
1444415434958,Falha na requisição HTTP
8555533729877,Falha na requisição HTTP
8555534704975,Falha na requisição HTTP
8555535286999,Falha na requisição HTTP
8555540065784,Falha na requisição HTTP
8555537197233,Falha na requisição HTTP
8444423102983,Falha na requisição HTTP
8444408090767,Falha na requisição HTTP
8555532560461,Falha na requisição HTTP
8444421756889,Falha na requisição HTTP
8555526355045,Falha na requisição HTTP
8787700991640,Falha na requisição HTTP
8555537477732,Falha na requisição HTTP
8444409648052,Falha na requisição HTTP
8444414700121,Falha na requisição HTTP
8444416541306,Falha na requisição HTTP
8444416569685,Falha na requisição HTTP
8444416578307,Falha na requisição HTTP
8444424677793,Falha na requisição HTTP
8444425184227,Falha na requisição HTTP
8444425697925,Falha na requisição HTTP
8444425846700,Falha na requisição HTTP
8555525293836,Falha na requisição HTTP
8555532818612,Falha na requisição HTTP
8444407178466,Falha na requisição HTTP
8444407907174,Falha na requisição HTTP
8555526226644,Falha na requisição HTTP
8555526764042,Falha na requisição HTTP
8555529291951,Falha na requisição HTTP
8555532566443,Falha na requisição HTTP
8555533003442,Falha na requisição HTTP
8555533093409,Falha na requisição HTTP
8555533383857,Falha na requisição HTTP
8555534887930,Falha na requisição HTTP
8555535241413,Falha na requisição HTTP
8555535735327,Falha na requisição HTTP
8555536190448,Falha na requisição HTTP
8555537460473,Falha na requisição HTTP
8555537477333,Falha na requisição HTTP
8555537604319,Falha na requisição HTTP
8444411022319,Falha na requisição HTTP
8555535994535,Falha na requisição HTTP
8444417152591,Falha na requisição HTTP
8555532707160,Falha na requisição HTTP
8555534112326,Falha na requisição HTTP
8555539931201,Falha na requisição HTTP
8555540090649,Falha na requisição HTTP
8444426179170,Falha na requisição HTTP
8444425358217,Falha na requisição HTTP
8444425851096,Falha na requisição HTTP
8555537837216,Falha na requisição HTTP
8444416449337,Falha na requisição HTTP
8444418580600,Falha na requisição HTTP
8444426751001,Falha na requisição HTTP
8555535738350,Falha na requisição HTTP
8555536588875,Falha na requisição HTTP
8444417520990,Falha na requisição HTTP
8444423367049,Falha na requisição HTTP
1444400379867,Falha na requisição HTTP
8444407307231,Falha na requisição HTTP
8555530757705,Falha na requisição HTTP
8555534797850,Falha na requisição HTTP
8555539978321,Falha na requisição HTTP
8555535509033,Falha na requisição HTTP
8444409049655,Falha na requisição HTTP
8444415701830,Falha na requisição HTTP
8555532970317,Falha na requisição HTTP
8555534727215,Falha na requisição HTTP
8444408892626,Falha na requisição HTTP
8555531027654,Falha na requisição HTTP
8555532913780,Falha na requisição HTTP
8555533003060,Falha na requisição HTTP
8555533003779,Falha na requisição HTTP
8555534850700,Falha na requisição HTTP
8555536187013,Falha na requisição HTTP
8555538709335,Falha na requisição HTTP
8555539865730,Falha na requisição HTTP
8444409096670,Falha na requisição HTTP
8555538601020,Falha na requisição HTTP
8555538836868,Falha na requisição HTTP
8555536370683,Falha na requisição HTTP
8555530181420,Falha na requisição HTTP
8555530369160,Falha na requisição HTTP
8444407753843,Falha na requisição HTTP
1444417565782,Falha na requisição HTTP
8444415236801,Falha na requisição HTTP
8555532281325,Falha na requisição HTTP
8555536206700,Falha na requisição HTTP
8444412572096,Falha na requisição HTTP
8555528738600,Falha na requisição HTTP
8444408717352,Falha na requisição HTTP
8555533481972,Falha na requisição HTTP
8444407538560,Falha na requisição HTTP
8555535184894,Falha na requisição HTTP
8444414318847,Falha na requisição HTTP
8444420228927,Falha na requisição HTTP
8444422088286,Falha na requisição HTTP
8444428232079,Falha na requisição HTTP
8555533702456,Falha na requisição HTTP
8444413815537,Falha na requisição HTTP
8444428629742,Falha na requisição HTTP
8555530314625,Falha na requisição HTTP
8555530626627,Falha na requisição HTTP
8555539012729,Falha na requisição HTTP
8555540080112,Falha na requisição HTTP
8444421162580,Falha na requisição HTTP
8555532613433,Falha na requisição HTTP
8444430124741,Falha na requisição HTTP
8444424072611,Falha na requisição HTTP
8555536586449,Falha na requisição HTTP
8444413573428,Falha na requisição HTTP
8555528972238,Falha na requisição HTTP
8555532278553,Falha na requisição HTTP
8555533488446,Falha na requisição HTTP
8444423957083,Falha na requisição HTTP
1444419507607,Falha na requisição HTTP
8444408585022,Falha na requisição HTTP
8444416461205,Falha na requisição HTTP
8444407182528,Falha na requisição HTTP
8444405723491,Falha na requisição HTTP
8444407286030,Falha na requisição HTTP
8555531711350,Falha na requisição HTTP
8555533726606,Falha na requisição HTTP
8555533830497,Falha na requisição HTTP
8555534626540,Falha na requisição HTTP
8555535828287,Falha na requisição HTTP
8555538644829,Falha na requisição HTTP
8444409674762,Falha na requisição HTTP
8444411012259,Falha na requisição HTTP
8555536366317,Falha na requisição HTTP
8444413030726,Falha na requisição HTTP
8444410397416,Falha na requisição HTTP
8444411077075,Falha na requisição HTTP
8444414238509,Falha na requisição HTTP
8555537262396,Falha na requisição HTTP
8555537532725,Falha na requisição HTTP
8444412238170,Falha na requisição HTTP
8444423297652,Falha na requisição HTTP
8444402364911,Falha na requisição HTTP
8444422351840,Falha na requisição HTTP
8444429538520,Falha na requisição HTTP
8444407231340,Falha na requisição HTTP
8444409367509,Falha na requisição HTTP
8444429825979,Falha na requisição HTTP
8444410274284,Falha na requisição HTTP
8444410740269,Falha na requisição HTTP
8555504104368,Falha na requisição HTTP
8444408797020,Falha na requisição HTTP
8555527892419,Falha na requisição HTTP
8555530335622,Falha na requisição HTTP
8555530402141,Falha na requisição HTTP
8555534159268,Falha na requisição HTTP
8444402933150,Falha na requisição HTTP
8444405644737,Falha na requisição HTTP
8444410180867,Falha na requisição HTTP
8444417245301,Falha na requisição HTTP
8444406087300,Falha na requisição HTTP
8444411430140,Falha na requisição HTTP
8555536079822,Falha na requisição HTTP
8444408609592,Falha na requisição HTTP
8444425288979,Falha na requisição HTTP
8444412123844,Falha na requisição HTTP
8555528968290,Falha na requisição HTTP
8555530797820,Falha na requisição HTTP
8555537432470,Falha na requisição HTTP
8444412015774,Falha na requisição HTTP
8444419395076,Falha na requisição HTTP
8444434129861,Falha na requisição HTTP
8444405440732,Falha na requisição HTTP
8444416417265,Falha na requisição HTTP
8444418301035,Falha na requisição HTTP
8444426831099,Falha na requisição HTTP
8444427368023,Falha na requisição HTTP
8444428347127,Falha na requisição HTTP
8444426788118,Falha na requisição HTTP
8555537273541,Falha na requisição HTTP
8106900009097,Falha na requisição HTTP
8444401867979,Falha na requisição HTTP
8444404630198,Falha na requisição HTTP
8444405884037,Falha na requisição HTTP
8444407053094,Falha na requisição HTTP
8444411420594,Falha na requisição HTTP
8444413430171,Falha na requisição HTTP
8444414607962,Falha na requisição HTTP
8444414822332,Falha na requisição HTTP
8444414924216,Falha na requisição HTTP
8444417475072,Falha na requisição HTTP
8444420328620,Falha na requisição HTTP
8444427078629,Falha na requisição HTTP
8444428375880,Falha na requisição HTTP
8444428789383,Falha na requisição HTTP
8444431787930,Falha na requisição HTTP
8555524123295,Falha na requisição HTTP
8555534740475,Falha na requisição HTTP
8555537024231,Falha na requisição HTTP
8444409259021,Falha na requisição HTTP
8444418904104,Falha na requisição HTTP
8444419063243,Falha na requisição HTTP
8444420451600,Falha na requisição HTTP
8444423043863,Falha na requisição HTTP
8444405481544,Falha na requisição HTTP
8444401889174,Falha na requisição HTTP
8444404606050,Falha na requisição HTTP
8444415024081,Falha na requisição HTTP
8444425265626,Falha na requisição HTTP
8444429887702,Falha na requisição HTTP
8444433207150,Falha na requisição HTTP
8555526826811,Falha na requisição HTTP
8555528924721,Falha na requisição HTTP
8555530970123,Falha na requisição HTTP
8555533298337,Falha na requisição HTTP
8555533977897,Falha na requisição HTTP
8555535386500,Falha na requisição HTTP
8555535425883,Falha na requisição HTTP
8555535537550,Falha na requisição HTTP
8555536588204,Falha na requisição HTTP
8555537093268,Falha na requisição HTTP
8555537249420,Falha na requisição HTTP
8555537989725,Falha na requisição HTTP
8787700366540,Falha na requisição HTTP
8555537760639,Falha na requisição HTTP
8444407449761,Falha na requisição HTTP
8444406739421,Falha na requisição HTTP
1444419176236,Falha na requisição HTTP
8106900008210,Falha na requisição HTTP
1444418971156,Falha na requisição HTTP
8444411632370,Falha na requisição HTTP
8444405452900,Falha na requisição HTTP
8444412355079,Falha na requisição HTTP
8444415568510,Falha na requisição HTTP
8555534064739,Falha na requisição HTTP
8444406527084,Falha na requisição HTTP
10211719,Falha na requisição HTTP
8444404872019,Falha na requisição HTTP
1555534870982,Falha na requisição HTTP
8444409288064,Falha na requisição HTTP
8444408133261,Falha na requisição HTTP
8444412730848,Falha na requisição HTTP
8444407483005,Falha na requisição HTTP
8444400501849,Falha na requisição HTTP
8444421248581,Falha na requisição HTTP
8444402859163,Falha na requisição HTTP
8444426737882,Falha na requisição HTTP
8555536007805,Falha na requisição HTTP
8787712970529,Falha na requisição HTTP
8444408046245,Falha na requisição HTTP
1444417761573,Falha na requisição HTTP
1444417874777,Falha na requisição HTTP
8444408003317,Falha na requisição HTTP
8444406643980,Falha na requisição HTTP
8444412137926,Falha na requisição HTTP
8444418210307,Falha na requisição HTTP
8444414737106,Falha na requisição HTTP
8444420431633,Falha na requisição HTTP
8444423631692,Falha na requisição HTTP
8444409147339,Falha na requisição HTTP
8444419253301,Falha na requisição HTTP
8444404634991,Falha na requisição HTTP
8444406971359,Falha na requisição HTTP
8555505619051,Falha na requisição HTTP
8444403107009,Falha na requisição HTTP
8444411872215,Falha na requisição HTTP
8444410471306,Falha na requisição HTTP
8444409288773,Falha na requisição HTTP
8444400969387,Falha na requisição HTTP
8444421629143,Falha na requisição HTTP
8444407736345,Falha na requisição HTTP
8444414806990,Falha na requisição HTTP
8444409213447,Falha na requisição HTTP
8444415221839,Falha na requisição HTTP
8555510433300,Falha na requisição HTTP
8787701172278,Falha na requisição HTTP
8444410296652,Falha na requisição HTTP
8555513793499,Falha na requisição HTTP
8444416961267,Falha na requisição HTTP
8444423080351,Falha na requisição HTTP
8444425211402,Falha na requisição HTTP
8444431758388,Falha na requisição HTTP
8444406503967,Falha na requisição HTTP
8444411661214,Falha na requisição HTTP
8444417630159,Falha na requisição HTTP
8444417823089,Falha na requisição HTTP
8444426596391,Falha na requisição HTTP
8444432712802,Falha na requisição HTTP
8555507188457,Falha na requisição HTTP
8555512350844,Falha na requisição HTTP
8555515933336,Falha na requisição HTTP
8555525803079,Falha na requisição HTTP
8787715603489,Falha na requisição HTTP
8444426878176,Falha na requisição HTTP
8787715442035,Falha na requisição HTTP
8444401627862,Falha na requisição HTTP
8444401651518,Falha na requisição HTTP
8444421620685,Falha na requisição HTTP
8444424041228,Falha na requisição HTTP
8444426508140,Falha na requisição HTTP
8444426953429,Falha na requisição HTTP
8444428023577,Falha na requisição HTTP
8444428551255,Falha na requisição HTTP
8444428649506,Falha na requisição HTTP
8444402512490,Falha na requisição HTTP
8444423507851,Falha na requisição HTTP
8444424224500,Falha na requisição HTTP
8444427546126,Falha na requisição HTTP
8444428802576,Falha na requisição HTTP
8444435782070,Falha na requisição HTTP
8787718878403,Falha na requisição HTTP
8444424909384,Falha na requisição HTTP
8444431826693,Falha na requisição HTTP
8787718839874,Falha na requisição HTTP
8444407476254,Falha na requisição HTTP
10220686,Falha na requisição HTTP
8444402720360,Falha na requisição HTTP
8444404016759,Falha na requisição HTTP
8444405080949,Falha na requisição HTTP
8444406657204,Falha na requisição HTTP
8444407380265,Falha na requisição HTTP
8444407732706,Falha na requisição HTTP
8444408577747,Falha na requisição HTTP
8444409626547,Falha na requisição HTTP
8444411361199,Falha na requisição HTTP
8444412552460,Falha na requisição HTTP
8444413427154,Falha na requisição HTTP
8444415771170,Falha na requisição HTTP
8444416758968,Falha na requisição HTTP
8444417200952,Falha na requisição HTTP
8444418093947,Falha na requisição HTTP
8444422186369,Falha na requisição HTTP
8444422268403,Falha na requisição HTTP
8444422358402,Falha na requisição HTTP
8444431191078,Falha na requisição HTTP
8444431538876,Falha na requisição HTTP
8444432038788,Falha na requisição HTTP
8555522340248,Falha na requisição HTTP
8555523122058,Falha na requisição HTTP
8787705870069,Falha na requisição HTTP
8787706582237,Falha na requisição HTTP
8444413277349,Falha na requisição HTTP
8444433898896,Falha na requisição HTTP
8444428561323,Falha na requisição HTTP
8444424025974,Falha na requisição HTTP
1444415082776,Falha na requisição HTTP
8444436021723,Falha na requisição HTTP
8444427849129,Falha na requisição HTTP
8444427418578,Falha na requisição HTTP
8787718989116,Falha na requisição HTTP
8787721188420,Falha na requisição HTTP
8444436485053,Falha na requisição HTTP
8444434857336,Falha na requisição HTTP
8444428673075,Falha na requisição HTTP
1444417992087,Falha na requisição HTTP
8787721435606,Falha na requisição HTTP
8444431378488,Falha na requisição HTTP
8787721587660,Falha na requisição HTTP
8444434077659,Falha na requisição HTTP
8444410645878,Falha na requisição HTTP
8444414501587,Falha na requisição HTTP
8444409850226,Falha na requisição HTTP
8444411369483,Falha na requisição HTTP
8444412564581,Falha na requisição HTTP
8555512835465,Falha na requisição HTTP
8555503708480,Falha na requisição HTTP
8444401727760,Falha na requisição HTTP
8444406748790,Falha na requisição HTTP
8555510286863,Falha na requisição HTTP
8444408919265,Falha na requisição HTTP
8444405563222,Falha na requisição HTTP
8444400847028,Falha na requisição HTTP
8444430779985,Falha na requisição HTTP
8444412223490,Falha na requisição HTTP
8444402513739,Falha na requisição HTTP
8444401624111,Falha na requisição HTTP
8444405484500,Falha na requisição HTTP
8444411079582,Falha na requisição HTTP
8444410472108,Falha na requisição HTTP
8444408176122,Falha na requisição HTTP
8444404734287,Falha na requisição HTTP
8444402070349,Falha na requisição HTTP
8444409784169,Falha na requisição HTTP
8444404219820,Falha na requisição HTTP
8444414804903,Falha na requisição HTTP
8444411442245,Falha na requisição HTTP
8444410946630,Falha na requisição HTTP
8444406968579,Falha na requisição HTTP
8444402513330,Falha na requisição HTTP
8444411963687,Falha na requisição HTTP
8444411575784,Falha na requisição HTTP
8444411926013,Falha na requisição HTTP
8444410911560,Falha na requisição HTTP
8444421089688,Falha na requisição HTTP
8444403744319,Falha na requisição HTTP
8444410064670,Falha na requisição HTTP
8444401981020,Falha na requisição HTTP
8555517141143,Falha na requisição HTTP
8444407591363,Falha na requisição HTTP
8555510841492,Falha na requisição HTTP
8555535017866,Falha na requisição HTTP
8444412129214,Falha na requisição HTTP
8444409859673,Falha na requisição HTTP
8444404315780,Falha na requisição HTTP
8444404904042,Falha na requisição HTTP
8444401074235,Falha na requisição HTTP
8787712247304,Falha na requisição HTTP
8444410337057,Falha na requisição HTTP
8444409608050,Falha na requisição HTTP
8444409625524,Falha na requisição HTTP
8555535283795,Falha na requisição HTTP
8444406509280,Falha na requisição HTTP
8444411527640,Falha na requisição HTTP
8444408613360,Falha na requisição HTTP
8444405996544,Falha na requisição HTTP
8444406786861,Falha na requisição HTTP
8555508984354,Falha na requisição HTTP
8555535627435,Falha na requisição HTTP
8444403370338,Falha na requisição HTTP
8444400276128,Falha na requisição HTTP
8444409581985,Falha na requisição HTTP
8555513294778,Falha na requisição HTTP
8555535477425,Falha na requisição HTTP
8444402250983,Falha na requisição HTTP
8444400236908,Falha na requisição HTTP
8444400722519,Falha na requisição HTTP
8444400323614,Falha na requisição HTTP
8444400911478,Falha na requisição HTTP
8444419405250,Falha na requisição HTTP
8444409437086,Falha na requisição HTTP
8787705362403,Falha na requisição HTTP
8444411716302,Falha na requisição HTTP
8444413238114,Falha na requisição HTTP
8444401157874,Falha na requisição HTTP
8444403971560,Falha na requisição HTTP
8444404627189,Falha na requisição HTTP
8444405526939,Falha na requisição HTTP
8444419457560,Falha na requisição HTTP
8444410747662,Falha na requisição HTTP
8444406602213,Falha na requisição HTTP
8444401812040,Falha na requisição HTTP
8444402514034,Falha na requisição HTTP
8444412120152,Falha na requisição HTTP
8444412830680,Falha na requisição HTTP
8444411202406,Falha na requisição HTTP
8444406052671,Falha na requisição HTTP
8444409424731,Falha na requisição HTTP
8444401526233,Falha na requisição HTTP
8444412248019,Falha na requisição HTTP
8444400998344,Falha na requisição HTTP
8444412178886,Falha na requisição HTTP
8444400359155,Falha na requisição HTTP
8444406402095,Falha na requisição HTTP
8444407422014,Falha na requisição HTTP
8444402590989,Falha na requisição HTTP
8444407316052,Falha na requisição HTTP
8787706989906,Falha na requisição HTTP
8444405954469,Falha na requisição HTTP
8787700727624,Falha na requisição HTTP
8444408878356,Falha na requisição HTTP
8444403348570,Falha na requisição HTTP
8444411274830,Falha na requisição HTTP
8787700751193,Falha na requisição HTTP
8444412087686,Falha na requisição HTTP
8444414141378,Falha na requisição HTTP
8444425466575,Falha na requisição HTTP
8555518386441,Falha na requisição HTTP
8444410529690,Falha na requisição HTTP
8444410345327,Falha na requisição HTTP
8444409563600,Falha na requisição HTTP
8555501600992,Falha na requisição HTTP
8555503163530,Falha na requisição HTTP
8555514534586,Falha na requisição HTTP
8444427213046,Falha na requisição HTTP
8444427102341,Falha na requisição HTTP
8444410236676,Falha na requisição HTTP
8444410436071,Falha na requisição HTTP
8444420787217,Falha na requisição HTTP
8444420804421,Falha na requisição HTTP
8444422118428,Falha na requisição HTTP
8444400366496,Falha na requisição HTTP
8444401095810,Falha na requisição HTTP
8555514915806,Falha na requisição HTTP
8444402178395,Falha na requisição HTTP
8787717301463,Falha na requisição HTTP
8555514416370,Falha na requisição HTTP
8444411182111,Falha na requisição HTTP
8444406896314,Falha na requisição HTTP
1555540222415,Falha na requisição HTTP
8444408042487,Falha na requisição HTTP
8444411180879,Falha na requisição HTTP
8444409816672,Falha na requisição HTTP
8444412546702,Falha na requisição HTTP
8444407256327,Falha na requisição HTTP
8444420316885,Falha na requisição HTTP
8444421143895,Falha na requisição HTTP
8444427557128,Falha na requisição HTTP
8444409825833,Falha na requisição HTTP
8444416967893,Falha na requisição HTTP
8444410294579,Falha na requisição HTTP
8444414973624,Falha na requisição HTTP
8444407624857,Falha na requisição HTTP
1444400081671,Falha na requisição HTTP
8444410060055,Falha na requisição HTTP
8444413687610,Falha na requisição HTTP
8444414421559,Falha na requisição HTTP
8444408139910,Falha na requisição HTTP
8444408480891,Falha na requisição HTTP
1555534749750,Falha na requisição HTTP
8444409122697,Falha na requisição HTTP
8444411767373,Falha na requisição HTTP
8444401460739,Falha na requisição HTTP
8444409724492,Falha na requisição HTTP
8555521477029,Falha na requisição HTTP
8444433399156,Falha na requisição HTTP
8444408601710,Falha na requisição HTTP
8444409414116,Falha na requisição HTTP
10208586,Falha na requisição HTTP
1444418195830,Falha na requisição HTTP
1444412646253,Falha na requisição HTTP
8555535682223,Falha na requisição HTTP
1444406943195,Falha na requisição HTTP
8444417424486,Falha na requisição HTTP
8555527794220,Falha na requisição HTTP
8555530607002,Falha na requisição HTTP
8555537319924,Falha na requisição HTTP
1444405800633,Falha na requisição HTTP
8444410472698,Falha na requisição HTTP
8444403008736,Falha na requisição HTTP
8444409647811,Falha na requisição HTTP
8787701370770,Falha na requisição HTTP
8444411822994,Falha na requisição HTTP
8444416257586,Falha na requisição HTTP
8555507855526,Falha na requisição HTTP
8444421890500,Falha na requisição HTTP
8555512550592,Falha na requisição HTTP
8444403313466,Falha na requisição HTTP
8444403407851,Falha na requisição HTTP
8444406148997,Falha na requisição HTTP
8444407923056,Falha na requisição HTTP
8444418142476,Falha na requisição HTTP
8444428653252,Falha na requisição HTTP
1444412650366,Falha na requisição HTTP
8444407452339,Falha na requisição HTTP
8444407720023,Falha na requisição HTTP
8444408026180,Falha na requisição HTTP
8444409108783,Falha na requisição HTTP
8444409675750,Falha na requisição HTTP
8444410896846,Falha na requisição HTTP
8444411126505,Falha na requisição HTTP
8444415495599,Falha na requisição HTTP
8444416546740,Falha na requisição HTTP
8444417646985,Falha na requisição HTTP
8444417659971,Falha na requisição HTTP
8444417738294,Falha na requisição HTTP
8444417755695,Falha na requisição HTTP
8444418389838,Falha na requisição HTTP
8444419703382,Falha na requisição HTTP
8444423596889,Falha na requisição HTTP
8444424015677,Falha na requisição HTTP
8444424584515,Falha na requisição HTTP
8444425392610,Falha na requisição HTTP
8555529997269,Falha na requisição HTTP
8787701099104,Falha na requisição HTTP
8787701100234,Falha na requisição HTTP
8444434907570,Falha na requisição HTTP
8444421397390,Falha na requisição HTTP
8444421980576,Falha na requisição HTTP
8444424063329,Falha na requisição HTTP
8444402235623,Falha na requisição HTTP
8555517398632,Falha na requisição HTTP
1444415771989,Falha na requisição HTTP
8787706931029,Falha na requisição HTTP
8444408915499,Falha na requisição HTTP
8444406274585,Falha na requisição HTTP
8444406447110,Falha na requisição HTTP
8444418203203,Falha na requisição HTTP
8444430216298,Falha na requisição HTTP
8444406663085,Falha na requisição HTTP
8555538154791,Falha na requisição HTTP
8444425417698,Falha na requisição HTTP
8787707317170,Falha na requisição HTTP
8444422064425,Falha na requisição HTTP
1444405164141,Falha na requisição HTTP
8444426600070,Falha na requisição HTTP
8444427998540,Falha na requisição HTTP
8444431185493,Falha na requisição HTTP
8444426952597,Falha na requisição HTTP
8444420014560,Falha na requisição HTTP
8444430172550,Falha na requisição HTTP
8444408892138,Falha na requisição HTTP
8444410905187,Falha na requisição HTTP
8444416191720,Falha na requisição HTTP
1444414358077,Falha na requisição HTTP
8444408390922,Falha na requisição HTTP
1444400458341,Falha na requisição HTTP
8444403460540,Falha na requisição HTTP
8444432165542,Falha na requisição HTTP
10140347,Falha na requisição HTTP
8555501310307,Falha na requisição HTTP
8555527242635,Falha na requisição HTTP
8555533748391,Falha na requisição HTTP
8555528695722,Falha na requisição HTTP
8787702240129,Falha na requisição HTTP
8787714152050,Falha na requisição HTTP
8787704895785,Falha na requisição HTTP
8787715869527,Falha na requisição HTTP
8787716973760,Falha na requisição HTTP
1444421613257,Falha na requisição HTTP
1555530383130,Falha na requisição HTTP
1444402258021,Falha na requisição HTTP
1787701190537,Falha na requisição HTTP
1444402820560,Falha na requisição HTTP
1787701019471,Falha na requisição HTTP
8003300229516,Falha na requisição HTTP
8555538185158,Falha na requisição HTTP
8787705784812,Falha na requisição HTTP
1787701477437,Falha na requisição HTTP
1444404772237,Falha na requisição HTTP
8444432325337,Falha na requisição HTTP
8787715987260,Falha na requisição HTTP
8787717277813,Falha na requisição HTTP
8053900009548,Falha na requisição HTTP
8555501332610,Falha na requisição HTTP
8555505607371,Falha na requisição HTTP
8555521219500,Falha na requisição HTTP
8555521884481,Falha na requisição HTTP
8555524272266,Falha na requisição HTTP
8555505581968,Falha na requisição HTTP
1444402579154,Falha na requisição HTTP
1787701827900,Falha na requisição HTTP
1555535213063,Falha na requisição HTTP
8444407729810,Falha na requisição HTTP
8201020081523,Falha na requisição HTTP
8787715240670,Falha na requisição HTTP
8787709558990,Falha na requisição HTTP
8444412088755,Falha na requisição HTTP
8444423356632,Falha na requisição HTTP
1444417004810,Falha na requisição HTTP
8444423450710,Falha na requisição HTTP
8444427069573,Falha na requisição HTTP
1787702338864,Falha na requisição HTTP
8444402307136,Falha na requisição HTTP
8444401108636,Falha na requisição HTTP
8555504771097,Falha na requisição HTTP
1444418336558,Falha na requisição HTTP
10207646,Falha na requisição HTTP
8444408551837,Falha na requisição HTTP
8200820091240,Falha na requisição HTTP
8444401514790,Falha na requisição HTTP
8444406831387,Falha na requisição HTTP
8444417326115,Falha na requisição HTTP
8444420353837,Falha na requisição HTTP
8444425306136,Falha na requisição HTTP
8555534142578,Falha na requisição HTTP
8444404101330,Falha na requisição HTTP
8555532971518,Falha na requisição HTTP
8787715862760,Falha na requisição HTTP
8787716043754,Falha na requisição HTTP
8787716050149,Falha na requisição HTTP
8787716553604,Falha na requisição HTTP
8444409894304,Falha na requisição HTTP
1444416592034,Falha na requisição HTTP
8444423444850,Falha na requisição HTTP
8555531339648,Falha na requisição HTTP
8787704133672,Falha na requisição HTTP
8555539414762,Falha na requisição HTTP
8787716831396,Falha na requisição HTTP
8787717060423,Falha na requisição HTTP
8787717427556,Falha na requisição HTTP
8787717693116,Falha na requisição HTTP
8787718606535,Falha na requisição HTTP
8787721614810,Falha na requisição HTTP
8787721628404,Falha na requisição HTTP
8555531856251,Falha na requisição HTTP
8555533920160,Falha na requisição HTTP
8555534144139,Falha na requisição HTTP
1555532927103,Falha na requisição HTTP
1444414482886,Falha na requisição HTTP
1444406368867,Falha na requisição HTTP
1444417254540,Falha na requisição HTTP
1444416229460,Falha na requisição HTTP
1444406552404,Falha na requisição HTTP
8444400143934,Falha na requisição HTTP
8444406238970,Falha na requisição HTTP
8444401610870,Falha na requisição HTTP
8444415793654,Falha na requisição HTTP
1555527389794,Falha na requisição HTTP
8787704352609,Falha na requisição HTTP
8787715849399,Falha na requisição HTTP
8444412155320,Falha na requisição HTTP
1787702504586,Falha na requisição HTTP
8787716846512,Falha na requisição HTTP
1787702123132,Falha na requisição HTTP
8787723000720,Falha na requisição HTTP
8444401791085,Falha na requisição HTTP
1444406623735,Falha na requisição HTTP
8444420008900,Falha na requisição HTTP
8444427056285,Falha na requisição HTTP
8444414722885,Falha na requisição HTTP
8444406316628,Falha na requisição HTTP
8444406366072,Falha na requisição HTTP
8444400767571,Falha na requisição HTTP
8444408473143,Falha na requisição HTTP
8444401034349,Falha na requisição HTTP
8555518457250,Falha na requisição HTTP
8444403535647,Falha na requisição HTTP
8444411342011,Falha na requisição HTTP
8444406267066,Falha na requisição HTTP
8444415752109,Falha na requisição HTTP
8555530612146,Falha na requisição HTTP
8444406342270,Falha na requisição HTTP
8444406388270,Falha na requisição HTTP
8444407657887,Falha na requisição HTTP
8444407862227,Falha na requisição HTTP
8444411414306,Falha na requisição HTTP
8444401218830,Falha na requisição HTTP
8444413010369,Falha na requisição HTTP
8444405829052,Falha na requisição HTTP
8444408818949,Falha na requisição HTTP
8444407822691,Falha na requisição HTTP
8555531322044,Falha na requisição HTTP
8444407695231,Falha na requisição HTTP
8444401644830,Falha na requisição HTTP
1555532649766,Falha na requisição HTTP
8444414563060,Falha na requisição HTTP
8444407721615,Falha na requisição HTTP
8444403026343,Falha na requisição HTTP
8555528500123,Falha na requisição HTTP
8555517057010,Falha na requisição HTTP
8444406411396,Falha na requisição HTTP
8555533270149,Falha na requisição HTTP
8555519289741,Falha na requisição HTTP
8787701469114,Falha na requisição HTTP
8444400247411,Falha na requisição HTTP
8444404320172,Falha na requisição HTTP
8444418492094,Falha na requisição HTTP
8787701542903,Falha na requisição HTTP
8444423775023,Falha na requisição HTTP
8787701269816,Falha na requisição HTTP
8555519681900,Falha na requisição HTTP
8444404871969,Falha na requisição HTTP
8787701427586,Falha na requisição HTTP
8555517209988,Falha na requisição HTTP
8787700946849,Falha na requisição HTTP
8444404748377,Falha na requisição HTTP
8444401509525,Falha na requisição HTTP
8787704742261,Falha na requisição HTTP
8444400296374,Falha na requisição HTTP
8787700367890,Falha na requisição HTTP
8555514096864,Falha na requisição HTTP
8444406012084,Falha na requisição HTTP
8444406308650,Falha na requisição HTTP
8444403903620,Falha na requisição HTTP
8444400738431,Falha na requisição HTTP
8444414468024,Falha na requisição HTTP
8555525830106,Falha na requisição HTTP
8444409949281,Falha na requisição HTTP
8444420759850,Falha na requisição HTTP
8444400735777,Falha na requisição HTTP
8444411010949,Falha na requisição HTTP
8444414216858,Falha na requisição HTTP
8444402313578,Falha na requisição HTTP
8555522480783,Falha na requisição HTTP
8444427750351,Falha na requisição HTTP
1444404882717,Falha na requisição HTTP
8444415058970,Falha na requisição HTTP
8555525765983,Falha na requisição HTTP
8787703078759,Falha na requisição HTTP
8787701076520,Falha na requisição HTTP
8444424362610,Falha na requisição HTTP
8787701709352,Falha na requisição HTTP
8444408026660,Falha na requisição HTTP
8444403055750,Falha na requisição HTTP
1444416782330,Falha na requisição HTTP
8444417727390,Falha na requisição HTTP
8444408804913,Falha na requisição HTTP
8444412104653,Falha na requisição HTTP
8444406165026,Falha na requisição HTTP
8444407765868,Falha na requisição HTTP
8444409845583,Falha na requisição HTTP
8444410139581,Falha na requisição HTTP
1444415731570,Falha na requisição HTTP
8555515208046,Falha na requisição HTTP
8555528546620,Falha na requisição HTTP
8444407137212,Falha na requisição HTTP
8555525433018,Falha na requisição HTTP
8555524875475,Falha na requisição HTTP
1444401903691,Falha na requisição HTTP
8444406506370,Falha na requisição HTTP
8787700523760,Falha na requisição HTTP
8444409449939,Falha na requisição HTTP
8444403450773,Falha na requisição HTTP
8444406856606,Falha na requisição HTTP
8555530605409,Falha na requisição HTTP
8555514074224,Falha na requisição HTTP
8787701517062,Falha na requisição HTTP
8555524438547,Falha na requisição HTTP
8444409478084,Falha na requisição HTTP
8444419629069,Falha na requisição HTTP
8444424624053,Falha na requisição HTTP
8787704063615,Falha na requisição HTTP
8444412842476,Falha na requisição HTTP
8787701736767,Falha na requisição HTTP
8201020092614,Falha na requisição HTTP
8555539812288,Falha na requisição HTTP
8444430031662,Falha na requisição HTTP
8555533165302,Falha na requisição HTTP
8444402799365,Falha na requisição HTTP
8444407880128,Falha na requisição HTTP
8444410140610,Falha na requisição HTTP
8555517496049,Falha na requisição HTTP
8787702139126,Falha na requisição HTTP
8444408898179,Falha na requisição HTTP
8444409781992,Falha na requisição HTTP
8555505897833,Falha na requisição HTTP
8787703035774,Falha na requisição HTTP
8444409226905,Falha na requisição HTTP
8444403061025,Falha na requisição HTTP
8444407064428,Falha na requisição HTTP
8444407180711,Falha na requisição HTTP
8444404107177,Falha na requisição HTTP
8444405481242,Falha na requisição HTTP
8444415775745,Falha na requisição HTTP
8444402596316,Falha na requisição HTTP
8444410288994,Falha na requisição HTTP
8444420697439,Falha na requisição HTTP
8444425672825,Falha na requisição HTTP
8787703432587,Falha na requisição HTTP
8787701362794,Falha na requisição HTTP
8444414216661,Falha na requisição HTTP
8444427101329,Falha na requisição HTTP
8444408380218,Falha na requisição HTTP
8444419179373,Falha na requisição HTTP
8787714722816,Falha na requisição HTTP
8787718103070,Falha na requisição HTTP
8444412386713,Falha na requisição HTTP
8444419109685,Falha na requisição HTTP
8444400731518,Falha na requisição HTTP
8787706934346,Falha na requisição HTTP
8444416827560,Falha na requisição HTTP
1555531762526,Falha na requisição HTTP
1555532639078,Falha na requisição HTTP
8003300229770,Falha na requisição HTTP
8787705795407,Falha na requisição HTTP
8444411243161,Falha na requisição HTTP
8444401779816,Falha na requisição HTTP
8444403734186,Falha na requisição HTTP
8444405684127,Falha na requisição HTTP
8444407634259,Falha na requisição HTTP
8444424141834,Falha na requisição HTTP
8555534367308,Falha na requisição HTTP
8555530015792,Falha na requisição HTTP
8444410788369,Falha na requisição HTTP
8003300228579,Falha na requisição HTTP
8787708501161,Falha na requisição HTTP
8787703519518,Falha na requisição HTTP
8787704406598,Falha na requisição HTTP
8787700575387,Falha na requisição HTTP
8003300229010,Falha na requisição HTTP
8555518509705,Falha na requisição HTTP
8444405532254,Falha na requisição HTTP
8787704322599,Falha na requisição HTTP
8787702372270,Falha na requisição HTTP
8444415778922,Falha na requisição HTTP
8787718087163,Falha na requisição HTTP
8787700793457,Falha na requisição HTTP
8787704308685,Falha na requisição HTTP
8555521528901,Falha na requisição HTTP
8444415650403,Falha na requisição HTTP
1444419972610,Falha na requisição HTTP
1444415463257,Falha na requisição HTTP
1555531960182,Falha na requisição HTTP
8444411375920,Falha na requisição HTTP
8444402039794,Falha na requisição HTTP
8444411731212,Falha na requisição HTTP
8080600114459,Falha na requisição HTTP
8444405718080,Falha na requisição HTTP
8080501010663,Falha na requisição HTTP
8444430863625,Falha na requisição HTTP
8444401039502,Falha na requisição HTTP
8444403079927,Falha na requisição HTTP
8444406458848,Falha na requisição HTTP
1444420760396,Falha na requisição HTTP
8444406400181,Falha na requisição HTTP
8444406818240,Falha na requisição HTTP
1444400619736,Falha na requisição HTTP
8444409668193,Falha na requisição HTTP
10214912,Falha na requisição HTTP
8444413299660,Falha na requisição HTTP
8444417829907,Falha na requisição HTTP
1444408525455,Falha na requisição HTTP
8444407702440,Falha na requisição HTTP
1444415822494,Falha na requisição HTTP
8444429256001,Falha na requisição HTTP
8444429692391,Falha na requisição HTTP
8444400618479,Falha na requisição HTTP
8444426083009,Falha na requisição HTTP
8444433881063,Falha na requisição HTTP
8444432054716,Falha na requisição HTTP
8444430923695,Falha na requisição HTTP
8444428679626,Falha na requisição HTTP
8555526805113,Falha na requisição HTTP
8444406534447,Falha na requisição HTTP
1444414460122,Falha na requisição HTTP
10218347,Falha na requisição HTTP
8444437103006,Falha na requisição HTTP
8444407748564,Falha na requisição HTTP
8444414018495,Falha na requisição HTTP
8444426086938,Falha na requisição HTTP
8444417912600,Falha na requisição HTTP
8444435252462,Falha na requisição HTTP
1444419384556,Falha na requisição HTTP
1444419486081,Falha na requisição HTTP
1444417079314,Falha na requisição HTTP
8444408113317,Falha na requisição HTTP
8444426948280,Falha na requisição HTTP
1555534273356,Falha na requisição HTTP
10275553,Falha na requisição HTTP
1444421368716,Falha na requisição HTTP
10176581,Falha na requisição HTTP
10143308,Falha na requisição HTTP
10163893,Falha na requisição HTTP
10143309,Falha na requisição HTTP
8444419743724,Falha na requisição HTTP
8787707237096,Falha na requisição HTTP
8787713867519,Falha na requisição HTTP
8444419688901,Falha na requisição HTTP
10222098,Falha na requisição HTTP
8787707440991,Falha na requisição HTTP
1444404187180,Falha na requisição HTTP
8444405056320,Falha na requisição HTTP
8060400362276,Falha na requisição HTTP
1555515576772,Falha na requisição HTTP
10238939,Falha na requisição HTTP
1555537626004,Falha na requisição HTTP
8555534692039,Falha na requisição HTTP
8555529413216,Falha na requisição HTTP
8787705679245,Falha na requisição HTTP
8787706835925,Falha na requisição HTTP
1444423394196,Falha na requisição HTTP
8444414135181,Falha na requisição HTTP
8444433666529,Falha na requisição HTTP
1444415657060,Falha na requisição HTTP
1444407896565,Falha na requisição HTTP
1444406727956,Falha na requisição HTTP
8555518124978,Falha na requisição HTTP
1555505640320,Falha na requisição HTTP
8787710202664,Falha na requisição HTTP
8444431312851,Falha na requisição HTTP
10145764,Falha na requisição HTTP
8555508645207,Falha na requisição HTTP
8444432833979,Falha na requisição HTTP
1555534606410,Falha na requisição HTTP
10217977,Falha na requisição HTTP
8444418487783,Falha na requisição HTTP
8444410504131,Falha na requisição HTTP
8444407935747,Falha na requisição HTTP
8787709553670,Falha na requisição HTTP
8787711710094,Falha na requisição HTTP
8787707308449,Falha na requisição HTTP
8787708879890,Falha na requisição HTTP
8787709233241,Falha na requisição HTTP
8787709342300,Falha na requisição HTTP
8787712130580,Falha na requisição HTTP
8787709772142,Falha na requisição HTTP
8444411730283,Falha na requisição HTTP
8444416114653,Falha na requisição HTTP
8787711177418,Falha na requisição HTTP
8444414629427,Falha na requisição HTTP
8787707809383,Falha na requisição HTTP
8787708250339,Falha na requisição HTTP
8444408356740,Falha na requisição HTTP
8444431764736,Falha na requisição HTTP
8787710575460,Falha na requisição HTTP
8787712173351,Falha na requisição HTTP
8787703977443,Falha na requisição HTTP
8444429485205,Falha na requisição HTTP
8787702263633,Falha na requisição HTTP
8444420056468,Falha na requisição HTTP
8787704592162,Falha na requisição HTTP
8787710737266,Falha na requisição HTTP
8787712259086,Falha na requisição HTTP
8787712288400,Falha na requisição HTTP
8787712540850,Falha na requisição HTTP
8787707302505,Falha na requisição HTTP
8787708314981,Falha na requisição HTTP
8787701383538,Falha na requisição HTTP
8787704030288,Falha na requisição HTTP
8787711255737,Falha na requisição HTTP
8787711867325,Falha na requisição HTTP
8787711961402,Falha na requisição HTTP
8444416205586,Falha na requisição HTTP
8555518985272,Falha na requisição HTTP
8787704195392,Falha na requisição HTTP
8444407111230,Falha na requisição HTTP
8444413608450,Falha na requisição HTTP
8787701835137,Falha na requisição HTTP
8555536297382,Falha na requisição HTTP
8787704616614,Falha na requisição HTTP
8787709387192,Falha na requisição HTTP
8042860000647,Falha na requisição HTTP
8555511428416,Falha na requisição HTTP
8555517073687,Falha na requisição HTTP
8555510763696,Falha na requisição HTTP
8787717705335,Falha na requisição HTTP
8787712378026,Falha na requisição HTTP
8047200400231,Falha na requisição HTTP
8555533587304,Falha na requisição HTTP
1444407978456,Falha na requisição HTTP
1444420999097,Falha na requisição HTTP
1444407787553,Falha na requisição HTTP
1444403309878,Falha na requisição HTTP
8555500745148,Falha na requisição HTTP
8444411750101,Falha na requisição HTTP
8555537659717,Falha na requisição HTTP
8787706259967,Falha na requisição HTTP
8787710114870,Falha na requisição HTTP
8444416866248,Falha na requisição HTTP
8555535288517,Falha na requisição HTTP
8787702545590,Falha na requisição HTTP
8787710369860,Falha na requisição HTTP
1444419175973,Falha na requisição HTTP
8444426253699,Falha na requisição HTTP
8444426379005,Falha na requisição HTTP
8444417372583,Falha na requisição HTTP
1444407372485,Falha na requisição HTTP
8444401536409,Falha na requisição HTTP
1555536036726,Falha na requisição HTTP
10209506,Falha na requisição HTTP
1444412672475,Falha na requisição HTTP
8444432725602,Falha na requisição HTTP
8046500623513,Falha na requisição HTTP
8444431503100,Falha na requisição HTTP
8444425050816,Falha na requisição HTTP
8787714566342,Falha na requisição HTTP
8444422075052,Falha na requisição HTTP
8444407270931,Falha na requisição HTTP
1444418211720,Falha na requisição HTTP
10274608,Falha na requisição HTTP
10229375,Falha na requisição HTTP
10216277,Falha na requisição HTTP
8787704015270,Falha na requisição HTTP
1555504839670,Falha na requisição HTTP
8444412823005,Falha na requisição HTTP
8787716176274,Falha na requisição HTTP
8787718337968,Falha na requisição HTTP
8787711750762,Falha na requisição HTTP
8555503014560,Falha na requisição HTTP
8787710758166,Falha na requisição HTTP
8444413457193,Falha na requisição HTTP
8444430877405,Falha na requisição HTTP
8555507527162,Falha na requisição HTTP
8787700324791,Falha na requisição HTTP
8787710714517,Falha na requisição HTTP
8787714730215,Falha na requisição HTTP
8444429678623,Falha na requisição HTTP
8787701706205,Falha na requisição HTTP
8787704604080,Falha na requisição HTTP
8444413799019,Falha na requisição HTTP
8444421005263,Falha na requisição HTTP
8787700671459,Falha na requisição HTTP
8787700193786,Falha na requisição HTTP
8787718293553,Falha na requisição HTTP
8444427936005,Falha na requisição HTTP
8787719092250,Falha na requisição HTTP
8444408636387,Falha na requisição HTTP
8555512745121,Falha na requisição HTTP
1444402605570,Falha na requisição HTTP
1444411064366,Falha na requisição HTTP
1444407652313,Falha na requisição HTTP
8444400766680,Falha na requisição HTTP
1444411886374,Falha na requisição HTTP
1444422096787,Falha na requisição HTTP
8444421378833,Falha na requisição HTTP
10202963,Falha na requisição HTTP
1444421130965,Falha na requisição HTTP
1555516506638,Falha na requisição HTTP
1555528748976,Falha na requisição HTTP
8444425337562,Falha na requisição HTTP
8444406023329,Falha na requisição HTTP
8444425493815,Falha na requisição HTTP
8444410209164,Falha na requisição HTTP
8787700627794,Falha na requisição HTTP
8444409572927,Falha na requisição HTTP
8444420209469,Falha na requisição HTTP
8444431459844,Falha na requisição HTTP
10171944,Falha na requisição HTTP
8047200397176,Falha na requisição HTTP
8555509166809,Falha na requisição HTTP
1444419510535,Falha na requisição HTTP
8787716064867,Falha na requisição HTTP
8787715210479,Falha na requisição HTTP
8047200397699,Falha na requisição HTTP
8555533575705,Falha na requisição HTTP
8555523260922,Falha na requisição HTTP
10174034,Falha na requisição HTTP
1444400816230,Falha na requisição HTTP
8444425942814,Falha na requisição HTTP
1444413148826,Falha na requisição HTTP
10284145,Falha na requisição HTTP
1555530446086,Falha na requisição HTTP
10286293,Falha na requisição HTTP
10221519,Falha na requisição HTTP
10221524,Falha na requisição HTTP
8787702280830,Falha na requisição HTTP
8444420644017,Falha na requisição HTTP
10140335,Falha na requisição HTTP
1444404302362,Falha na requisição HTTP
10145864,Falha na requisição HTTP
10145865,Falha na requisição HTTP
8444416971521,Falha na requisição HTTP
8444408773961,Falha na requisição HTTP
8787700157151,Falha na requisição HTTP
8444417094702,Falha na requisição HTTP
8444413312136,Falha na requisição HTTP
8555530187739,Falha na requisição HTTP
8787702346822,Falha na requisição HTTP
8787702926594,Falha na requisição HTTP
8444416981780,Falha na requisição HTTP
8444412864127,Falha na requisição HTTP
8444427528276,Falha na requisição HTTP
8444416713107,Falha na requisição HTTP
8555529140775,Falha na requisição HTTP
8787700266260,Falha na requisição HTTP
8787700453192,Falha na requisição HTTP
8787720605303,Falha na requisição HTTP
8787704985121,Falha na requisição HTTP
8444422635511,Falha na requisição HTTP
8444421504588,Falha na requisição HTTP
8555517136778,Falha na requisição HTTP
8444422982513,Falha na requisição HTTP
8444414029756,Falha na requisição HTTP
8787715847922,Falha na requisição HTTP
8787707745172,Falha na requisição HTTP
8787718797527,Falha na requisição HTTP
8444409035794,Falha na requisição HTTP
1444405837740,Falha na requisição HTTP
1787700023009,Falha na requisição HTTP
8444421077850,Falha na requisição HTTP
8047800477219,Falha na requisição HTTP
8787700797304,Falha na requisição HTTP
8444407147862,Falha na requisição HTTP
8444409117820,Falha na requisição HTTP
1444413223453,Falha na requisição HTTP
1787700068770,Falha na requisição HTTP
1444418256899,Falha na requisição HTTP
8555530055093,Falha na requisição HTTP
1444413841238,Falha na requisição HTTP
8444408203910,Falha na requisição HTTP
1555533232141,Falha na requisição HTTP
8787708219237,Falha na requisição HTTP
8555509704134,Falha na requisição HTTP
1444408477175,Falha na requisição HTTP
8444427180415,Falha na requisição HTTP
8787717079329,Falha na requisição HTTP
8787718256011,Falha na requisição HTTP
8787711964207,Falha na requisição HTTP
8787700231963,Falha na requisição HTTP
8787708531273,Falha na requisição HTTP
8787707708340,Falha na requisição HTTP
8787715996758,Falha na requisição HTTP
1444417028019,Falha na requisição HTTP
1444421098026,Falha na requisição HTTP
1444403839168,Falha na requisição HTTP
8444414880839,Falha na requisição HTTP
8787712654295,Falha na requisição HTTP
1444422371672,Falha na requisição HTTP
1444421074470,Falha na requisição HTTP
8787716395820,Falha na requisição HTTP
8787716525651,Falha na requisição HTTP
8555530285161,Falha na requisição HTTP
8787719758860,Falha na requisição HTTP
8787702705725,Falha na requisição HTTP
8787720164358,Falha na requisição HTTP
1600000085255,Falha na requisição HTTP
8444423498682,Falha na requisição HTTP
10216476,Falha na requisição HTTP
1444404745833,Falha na requisição HTTP
8444412300754,Falha na requisição HTTP
8444426400675,Falha na requisição HTTP
1444401638696,Falha na requisição HTTP
8444418151378,Falha na requisição HTTP
8444416627197,Falha na requisição HTTP
10217978,Falha na requisição HTTP
8444410791785,Falha na requisição HTTP
1444412731765,Falha na requisição HTTP
1444403826660,Falha na requisição HTTP
8787720507638,Falha na requisição HTTP
8444430458640,Falha na requisição HTTP
8444410561216,Falha na requisição HTTP
8787712727349,Falha na requisição HTTP
1444417012457,Falha na requisição HTTP
10171634,Falha na requisição HTTP
8444413654207,Falha na requisição HTTP
1444408093733,Falha na requisição HTTP
8444407709526,Falha na requisição HTTP
8444407487655,Falha na requisição HTTP
1444419518714,Falha na requisição HTTP
10187974,Falha na requisição HTTP
8787709031746,Falha na requisição HTTP
8787711313150,Falha na requisição HTTP
1444420517866,Falha na requisição HTTP
8444417312530,Falha na requisição HTTP
10141386,Falha na requisição HTTP
8787707172822,Falha na requisição HTTP
8555533352889,Falha na requisição HTTP
8444428322450,Falha na requisição HTTP
8787700964847,Falha na requisição HTTP
8787709815569,Falha na requisição HTTP
8444426624549,Falha na requisição HTTP
8444426692404,Falha na requisição HTTP
8444428122885,Falha na requisição HTTP
8555506393111,Falha na requisição HTTP
8555534783107,Falha na requisição HTTP
8787703542161,Falha na requisição HTTP
8787708638914,Falha na requisição HTTP
8444422529983,Falha na requisição HTTP
8444410489329,Falha na requisição HTTP
8555528256630,Falha na requisição HTTP
8555528319380,Falha na requisição HTTP
8555522621522,Falha na requisição HTTP
8787701961493,Falha na requisição HTTP
8444421568101,Falha na requisição HTTP
8444400814626,Falha na requisição HTTP
8444409227308,Falha na requisição HTTP
10217166,Falha na requisição HTTP
10214863,Falha na requisição HTTP
8444429217669,Falha na requisição HTTP
8555513177453,Falha na requisição HTTP
8555535192846,Falha na requisição HTTP
8555535890608,Falha na requisição HTTP
1787702004028,Falha na requisição HTTP
8444405283670,Falha na requisição HTTP
8444436378672,Falha na requisição HTTP
10208356,Falha na requisição HTTP
1444420275811,Falha na requisição HTTP
1444420346930,Falha na requisição HTTP
8444433829428,Falha na requisição HTTP
1444418611168,Falha na requisição HTTP
8444411145828,Falha na requisição HTTP
10164105,Falha na requisição HTTP
8444420984020,Falha na requisição HTTP
8444417615710,Falha na requisição HTTP
8444425565859,Falha na requisição HTTP
8444411217535,Falha na requisição HTTP
10214658,Falha na requisição HTTP
8444429220929,Falha na requisição HTTP
1444420992696,Falha na requisição HTTP
8444406381411,Falha na requisição HTTP
10210516,Falha na requisição HTTP
1555520059306,Falha na requisição HTTP
8787701197947,Falha na requisição HTTP
8444408842742,Falha na requisição HTTP
8787707768385,Falha na requisição HTTP
8444405032669,Falha na requisição HTTP
8444405469331,Falha na requisição HTTP
8444408284936,Falha na requisição HTTP
8329400001188,Falha na requisição HTTP
8444428336133,Falha na requisição HTTP
8555507828367,Falha na requisição HTTP
8787700538520,Falha na requisição HTTP
8787700969539,Falha na requisição HTTP
8787702307592,Falha na requisição HTTP
8787705877799,Falha na requisição HTTP
10140907,Falha na requisição HTTP
8049520093743,Falha na requisição HTTP
8787700912405,Falha na requisição HTTP
8444408128616,Falha na requisição HTTP
1444406321550,Falha na requisição HTTP
1444404332849,Falha na requisição HTTP
8444400857414,Falha na requisição HTTP
8787700599960,Falha na requisição HTTP
8444414654928,Falha na requisição HTTP
8444410266273,Falha na requisição HTTP
8444424446716,Falha na requisição HTTP
8555519245760,Falha na requisição HTTP
8444425043240,Falha na requisição HTTP
8444426380895,Falha na requisição HTTP
8787700421380,Falha na requisição HTTP
8787700697199,Falha na requisição HTTP
8787704146375,Falha na requisição HTTP
8787707705154,Falha na requisição HTTP
8787712551429,Falha na requisição HTTP
8444406901890,Falha na requisição HTTP
8444427297835,Falha na requisição HTTP
10171522,Falha na requisição HTTP
8787700142375,Falha na requisição HTTP
8159420090371,Falha na requisição HTTP
1444403603245,Falha na requisição HTTP
8787706664977,Falha na requisição HTTP
8444408079712,Falha na requisição HTTP
8444416158960,Falha na requisição HTTP
8787700148845,Falha na requisição HTTP
8787707311903,Falha na requisição HTTP
8787707775977,Falha na requisição HTTP
8787708045581,Falha na requisição HTTP
1444405797675,Falha na requisição HTTP
1444421645558,Falha na requisição HTTP
8787706753368,Falha na requisição HTTP
8787708478402,Falha na requisição HTTP
8787700712082,Falha na requisição HTTP
8787701368881,Falha na requisição HTTP
8787703666332,Falha na requisição HTTP
10208953,Falha na requisição HTTP
8787710179646,Falha na requisição HTTP
8444425802923,Falha na requisição HTTP
8444426157959,Falha na requisição HTTP
8444408468166,Falha na requisição HTTP
8787709281750,Falha na requisição HTTP
8787710934517,Falha na requisição HTTP
8787708487843,Falha na requisição HTTP
8787700304650,Falha na requisição HTTP
8787709832773,Falha na requisição HTTP
8787705874277,Falha na requisição HTTP
10208957,Falha na requisição HTTP
1555533510206,Falha na requisição HTTP
8444425494633,Falha na requisição HTTP
8444415660476,Falha na requisição HTTP
8787706117402,Falha na requisição HTTP
8787711302042,Falha na requisição HTTP
8555533091899,Falha na requisição HTTP
8787700069082,Falha na requisição HTTP
8787700236884,Falha na requisição HTTP
8787702997483,Falha na requisição HTTP
8444425945589,Falha na requisição HTTP
8555537527799,Falha na requisição HTTP
8787707120130,Falha na requisição HTTP
8787707482538,Falha na requisição HTTP
8787711627189,Falha na requisição HTTP
8787714708260,Falha na requisição HTTP
8787715023350,Falha na requisição HTTP
8787703644711,Falha na requisição HTTP
8444430476400,Falha na requisição HTTP
8444406656356,Falha na requisição HTTP
8787705514076,Falha na requisição HTTP
8787705999975,Falha na requisição HTTP
8787709554072,Falha na requisição HTTP
8787711715320,Falha na requisição HTTP
8787712811471,Falha na requisição HTTP
8787714357409,Falha na requisição HTTP
8787714691430,Falha na requisição HTTP
8555502180512,Falha na requisição HTTP
8787712682256,Falha na requisição HTTP
8444414313020,Falha na requisição HTTP
8787710303975,Falha na requisição HTTP
8444416580433,Falha na requisição HTTP
8444407344250,Falha na requisição HTTP
8787708765908,Falha na requisição HTTP
8787718935415,Falha na requisição HTTP
1444412729752,Falha na requisição HTTP
1787700009090,Falha na requisição HTTP
8444424471362,Falha na requisição HTTP
8787714659979,Falha na requisição HTTP
8444404443940,Falha na requisição HTTP
8444407216422,Falha na requisição HTTP
10217171,Falha na requisição HTTP
1555510653671,Falha na requisição HTTP
1555520385599,Falha na requisição HTTP
8444414671679,Falha na requisição HTTP
8787711533176,Falha na requisição HTTP
8787701473677,Falha na requisição HTTP
8787713542822,Falha na requisição HTTP
8444433310600,Falha na requisição HTTP
8444423262786,Falha na requisição HTTP
8787715917157,Falha na requisição HTTP
8787710392307,Falha na requisição HTTP
8787706054117,Falha na requisição HTTP
8787713454192,Falha na requisição HTTP
8787717321499,Falha na requisição HTTP
8329400001617,Falha na requisição HTTP
8444422036316,Falha na requisição HTTP
8787703682184,Falha na requisição HTTP
8787704007456,Falha na requisição HTTP
8787710737665,Falha na requisição HTTP
8555514130914,Falha na requisição HTTP
8787711608869,Falha na requisição HTTP
1444418432115,Falha na requisição HTTP
8444437700632,Falha na requisição HTTP
8787702151827,Falha na requisição HTTP
8787700078766,Falha na requisição HTTP
8787714158023,Falha na requisição HTTP
10171092,Falha na requisição HTTP
8555510090837,Falha na requisição HTTP
8444407353667,Falha na requisição HTTP
8045100459203,Falha na requisição HTTP
8444408348713,Falha na requisição HTTP
8555500179002,Falha na requisição HTTP
10007591,Falha na requisição HTTP
8555500224911,Falha na requisição HTTP
8444415799474,Falha na requisição HTTP
8444406281360,Falha na requisição HTTP
8444411837185,Falha na requisição HTTP
1555524525530,Falha na requisição HTTP
8444416111999,Falha na requisição HTTP
8043000501767,Falha na requisição HTTP
10147860,Falha na requisição HTTP
8444409978176,Falha na requisição HTTP
8555502697884,Falha na requisição HTTP
8444406537446,Falha na requisição HTTP
8444416174877,Falha na requisição HTTP
1444405930480,Falha na requisição HTTP
8042900487622,Falha na requisição HTTP
10202962,Falha na requisição HTTP
8555513437552,Falha na requisição HTTP
10163892,Falha na requisição HTTP
10171085,Falha na requisição HTTP
8787700499702,Falha na requisição HTTP
8787706831601,Falha na requisição HTTP
8444415000972,Falha na requisição HTTP
10143312,Falha na requisição HTTP
8787702506650,Falha na requisição HTTP
8555537169752,Falha na requisição HTTP
8787713432229,Falha na requisição HTTP
8555528338911,Falha na requisição HTTP
8444415786240,Falha na requisição HTTP
8444410252698,Falha na requisição HTTP
8787710389993,Falha na requisição HTTP
8787709326592,Falha na requisição HTTP
8787709954186,Falha na requisição HTTP
8787702667793,Falha na requisição HTTP
8787703358751,Falha na requisição HTTP
8787702224034,Falha na requisição HTTP
8555535679141,Falha na requisição HTTP
8444429666579,Falha na requisição HTTP
8555530494666,Falha na requisição HTTP
8444430796677,Falha na requisição HTTP
10206723,Falha na requisição HTTP
1555505525156,Falha na requisição HTTP
10206718,Falha na requisição HTTP
8555513544618,Falha na requisição HTTP
10171960,Falha na requisição HTTP
10171935,Falha na requisição HTTP
8787713127272,Falha na requisição HTTP
8555520854490,Falha na requisição HTTP
1444417684943,Falha na requisição HTTP
8555522083180,Falha na requisição HTTP
8787707809677,Falha na requisição HTTP
8787708700083,Falha na requisição HTTP
8555519216124,Falha na requisição HTTP
8555526062420,Falha na requisição HTTP
8555526763143,Falha na requisição HTTP
8787710840075,Falha na requisição HTTP
8444427749213,Falha na requisição HTTP
8043000497840,Falha na requisição HTTP
8787703683156,Falha na requisição HTTP
8787712176555,Falha na requisição HTTP
8444432057111,Falha na requisição HTTP
8444427557330,Falha na requisição HTTP
8787706517869,Falha na requisição HTTP
8787710311919,Falha na requisição HTTP
8043210003208,Falha na requisição HTTP
8045330001284,Falha na requisição HTTP
8444429978228,Falha na requisição HTTP
8555527712127,Falha na requisição HTTP
8444427400024,Falha na requisição HTTP
8787709082987,Falha na requisição HTTP
8555537220324,Falha na requisição HTTP
8787701356557,Falha na requisição HTTP
8787704257738,Falha na requisição HTTP
8787707336990,Falha na requisição HTTP
8787710152381,Falha na requisição HTTP
8787710321558,Falha na requisição HTTP
8787710623155,Falha na requisição HTTP
8787710744807,Falha na requisição HTTP
8787711909796,Falha na requisição HTTP
8787712229985,Falha na requisição HTTP
8555518404725,Falha na requisição HTTP
8787703003953,Falha na requisição HTTP
8787703007525,Falha na requisição HTTP
8787703826470,Falha na requisição HTTP
8787700542187,Falha na requisição HTTP
8444410928861,Falha na requisição HTTP
8444409785572,Falha na requisição HTTP
8444407328476,Falha na requisição HTTP
8444410034119,Falha na requisição HTTP
8555535888719,Falha na requisição HTTP
8787704634027,Falha na requisição HTTP
8787703177552,Falha na requisição HTTP
8787713378267,Falha na requisição HTTP
8787713982423,Falha na requisição HTTP
8787715617110,Falha na requisição HTTP
8787715951142,Falha na requisição HTTP
8787715952777,Falha na requisição HTTP
8787716453227,Falha na requisição HTTP
8787716456900,Falha na requisição HTTP
8555534903188,Falha na requisição HTTP
8787706065518,Falha na requisição HTTP
8787711424938,Falha na requisição HTTP
8787713434418,Falha na requisição HTTP
8787714479741,Falha na requisição HTTP
8787714509110,Falha na requisição HTTP
8787717234022,Falha na requisição HTTP
8787717838300,Falha na requisição HTTP
8787701076716,Falha na requisição HTTP
8787700266600,Falha na requisição HTTP
8787700737662,Falha na requisição HTTP
8787702453459,Falha na requisição HTTP
8787708985096,Falha na requisição HTTP
8787715569370,Falha na requisição HTTP
8787715705010,Falha na requisição HTTP
8787714715682,Falha na requisição HTTP
10199472,Falha na requisição HTTP
8444410709396,Falha na requisição HTTP
1444417899680,Falha na requisição HTTP
8444411651448,Falha na requisição HTTP
8043210001043,Falha na requisição HTTP
8042810001160,Falha na requisição HTTP
8555512964575,Falha na requisição HTTP
8444415510806,Falha na requisição HTTP
8444416684549,Falha na requisição HTTP
8042820091102,Falha na requisição HTTP
8444414315341,Falha na requisição HTTP
10215015,Falha na requisição HTTP
8164520081109,Falha na requisição HTTP
8045400490475,Falha na requisição HTTP
8555525914032,Falha na requisição HTTP
8787714550632,Falha na requisição HTTP
8787715588234,Falha na requisição HTTP
8787716453790,Falha na requisição HTTP
8787716624021,Falha na requisição HTTP
8787716702839,Falha na requisição HTTP
8787718165970,Falha na requisição HTTP
8787718407915,Falha na requisição HTTP
8787718955696,Falha na requisição HTTP
8444428018794,Falha na requisição HTTP
8787713619280,Falha na requisição HTTP
8787714729950,Falha na requisição HTTP
8787701498130,Falha na requisição HTTP
8444428165460,Falha na requisição HTTP
8787706809029,Falha na requisição HTTP
8787708146710,Falha na requisição HTTP
8787702510266,Falha na requisição HTTP
10214195,Falha na requisição HTTP
8555510565533,Falha na requisição HTTP
8164520071286,Falha na requisição HTTP
8555506422979,Falha na requisição HTTP
8044200419310,Falha na requisição HTTP
8444408326400,Falha na requisição HTTP
8042820079110,Falha na requisição HTTP
8444402948247,Falha na requisição HTTP
8444406723487,Falha na requisição HTTP
8787714859269,Falha na requisição HTTP
8787715167530,Falha na requisição HTTP
10224693,Falha na requisição HTTP
10274829,Falha na requisição HTTP
1444412260827,Falha na requisição HTTP
8042810000465,Falha na requisição HTTP
8044200419124,Falha na requisição HTTP
8444406117714,Falha na requisição HTTP
10279399,Falha na requisição HTTP
10279400,Falha na requisição HTTP
10222093,Falha na requisição HTTP
10279401,Falha na requisição HTTP
1444400175293,Falha na requisição HTTP
8555517692433,Falha na requisição HTTP
1555503948149,Falha na requisição HTTP
1600000177842,Falha na requisição HTTP
8444413187110,Falha na requisição HTTP
8444407015540,Falha na requisição HTTP
1444405511550,Falha na requisição HTTP
10278715,Falha na requisição HTTP
1444421115222,Falha na requisição HTTP
1555515296869,Falha na requisição HTTP
1444403719251,Falha na requisição HTTP
10215014,Falha na requisição HTTP
10212304,Falha na requisição HTTP
10283560,Falha na requisição HTTP
1444421881146,Falha na requisição HTTP
1444410389407,Falha na requisição HTTP
1444418097766,Falha na requisição HTTP
1444420058403,Falha na requisição HTTP
1600000194887,Falha na requisição HTTP
1555506097930,Falha na requisição HTTP
10276284,Falha na requisição HTTP
10274828,Falha na requisição HTTP
8444406382159,Falha na requisição HTTP
8787712037059,Falha na requisição HTTP
8787704441016,Falha na requisição HTTP
8787713038547,Falha na requisição HTTP
8444411965051,Falha na requisição HTTP
8787701852929,Falha na requisição HTTP
1444400471224,Falha na requisição HTTP
8044200420815,Falha na requisição HTTP
8787700910593,Falha na requisição HTTP
1555516312779,Falha na requisição HTTP
8444423780027,Falha na requisição HTTP
8555515335730,Falha na requisição HTTP
8555523896355,Falha na requisição HTTP
8555535624487,Falha na requisição HTTP
8787713219894,Falha na requisição HTTP
8787704680177,Falha na requisição HTTP
8787710080291,Falha na requisição HTTP
10284144,Falha na requisição HTTP
8787702510320,Falha na requisição HTTP
8042820092974,Falha na requisição HTTP
1444401945084,Falha na requisição HTTP
8555524466168,Falha na requisição HTTP
8444419848461,Falha na requisição HTTP
8787718761140,Falha na requisição HTTP
8555510375750,Falha na requisição HTTP
8787707673384,Falha na requisição HTTP
1444413973177,Falha na requisição HTTP
8444409781984,Falha na requisição HTTP
8787700650362,Falha na requisição HTTP
8555534164750,Falha na requisição HTTP
8787717026489,Falha na requisição HTTP
1444407548192,Falha na requisição HTTP
8787709288763,Falha na requisição HTTP
8042850000032,Falha na requisição HTTP
1444421109575,Falha na requisição HTTP
8787713307211,Falha na requisição HTTP
1555531365861,Falha na requisição HTTP
8787719267220,Falha na requisição HTTP
8444411597028,Falha na requisição HTTP
1444414790483,Falha na requisição HTTP
8444427375976,Falha na requisição HTTP
8444412840384,Falha na requisição HTTP
10178537,Falha na requisição HTTP
1444406157572,Falha na requisição HTTP
8444417957840,Falha na requisição HTTP
8555525710488,Falha na requisição HTTP
1444402332825,Falha na requisição HTTP
1444406403140,Falha na requisição HTTP
8787700481978,Falha na requisição HTTP
1444415009203,Falha na requisição HTTP
8444425654681,Falha na requisição HTTP
10212078,Falha na requisição HTTP
8192500326586,Falha na requisição HTTP
1444405970083,Falha na requisição HTTP
10150725,Falha na requisição HTTP
10211723,Falha na requisição HTTP
8555512125182,Falha na requisição HTTP
8555522296907,Falha na requisição HTTP
10215733,Falha na requisição HTTP
10215738,Falha na requisição HTTP
8555509077512,Falha na requisição HTTP
8787704141446,Falha na requisição HTTP
8555513052340,Falha na requisição HTTP
8787707148611,Falha na requisição HTTP
8444409507050,Falha na requisição HTTP
10150840,Falha na requisição HTTP
10150841,Falha na requisição HTTP
10171503,Falha na requisição HTTP
10152331,Falha na requisição HTTP
8787703420260,Falha na requisição HTTP
8444420551159,Falha na requisição HTTP
8555529382930,Falha na requisição HTTP
1444407614446,Falha na requisição HTTP
8050100366546,Falha na requisição HTTP
1444407580029,Falha na requisição HTTP
1050100003739,Falha na requisição HTTP
10215422,Falha na requisição HTTP
1555501469014,Falha na requisição HTTP
10214866,Falha na requisição HTTP
8223100354322,Falha na requisição HTTP
8444414075251,Falha na requisição HTTP
1444417513227,Falha na requisição HTTP
1444407308299,Falha na requisição HTTP
8444400393612,Falha na requisição HTTP
8444423179412,Falha na requisição HTTP
1444411608552,Falha na requisição HTTP
1444418934528,Falha na requisição HTTP
8444402588097,Falha na requisição HTTP
8444433448459,Falha na requisição HTTP
8444400311632,Falha na requisição HTTP
8444428616225,Falha na requisição HTTP
8444413973671,Falha na requisição HTTP
1555537787857,Falha na requisição HTTP
1444412914037,Falha na requisição HTTP
8444413695175,Falha na requisição HTTP
1555529619070,Falha na requisição HTTP
1444410057340,Falha na requisição HTTP
8787707130860,Falha na requisição HTTP
8444428110704,Falha na requisição HTTP
8444411798422,Falha na requisição HTTP
8787712361301,Falha na requisição HTTP
8787705238338,Falha na requisição HTTP
8787703692589,Falha na requisição HTTP
8787702516574,Falha na requisição HTTP
8444431528242,Falha na requisição HTTP
8787716727769,Falha na requisição HTTP
8444412412293,Falha na requisição HTTP
8787703514281,Falha na requisição HTTP
8787710153140,Falha na requisição HTTP
8444427830967,Falha na requisição HTTP
8787700475102,Falha na requisição HTTP
8787700956968,Falha na requisição HTTP
8787706291925,Falha na requisição HTTP
8787706963192,Falha na requisição HTTP
8787708134045,Falha na requisição HTTP
8787710417571,Falha na requisição HTTP
8787712455888,Falha na requisição HTTP
8787701401323,Falha na requisição HTTP
8444430381566,Falha na requisição HTTP
8444416274723,Falha na requisição HTTP
8787700655925,Falha na requisição HTTP
8444401647901,Falha na requisição HTTP
8555531803980,Falha na requisição HTTP
1555519675686,Falha na requisição HTTP
8444415769583,Falha na requisição HTTP
8444431278343,Falha na requisição HTTP
8555518715097,Falha na requisição HTTP
8787703650320,Falha na requisição HTTP
8787712692731,Falha na requisição HTTP
8787713047554,Falha na requisição HTTP
8787714557890,Falha na requisição HTTP
8787715150603,Falha na requisição HTTP
8444416157450,Falha na requisição HTTP
8444424998301,Falha na requisição HTTP
8787702254677,Falha na requisição HTTP
8787706307457,Falha na requisição HTTP
8787710890595,Falha na requisição HTTP
8787714605992,Falha na requisição HTTP
8787717568680,Falha na requisição HTTP
8787717960840,Falha na requisição HTTP
8787718655170,Falha na requisição HTTP
8787720470840,Falha na requisição HTTP
8555507887401,Falha na requisição HTTP
8444412311217,Falha na requisição HTTP
8047200391020,Falha na requisição HTTP
8444432739174,Falha na requisição HTTP
1444408662576,Falha na requisição HTTP
8444407623125,Falha na requisição HTTP
8444421350769,Falha na requisição HTTP
1787700753325,Falha na requisição HTTP
10222635,Falha na requisição HTTP
1444417502560,Falha na requisição HTTP
8444427578656,Falha na requisição HTTP
8787716368157,Falha na requisição HTTP
8787707238920,Falha na requisição HTTP
8555531899279,Falha na requisição HTTP
8787712147105,Falha na requisição HTTP
8555516939397,Falha na requisição HTTP
10285646,Falha na requisição HTTP
8787707111190,Falha na requisição HTTP
8787717901924,Falha na requisição HTTP
1600000072188,Falha na requisição HTTP
8444427025053,Falha na requisição HTTP
8787719011306,Falha na requisição HTTP
8444414659261,Falha na requisição HTTP
8444422746887,Falha na requisição HTTP
10283598,Falha na requisição HTTP
8444416356240,Falha na requisição HTTP
8444428790900,Falha na requisição HTTP
8444424752744,Falha na requisição HTTP
8444417953225,Falha na requisição HTTP
8444416224548,Falha na requisição HTTP
1444412517860,Falha na requisição HTTP
8444410859053,Falha na requisição HTTP
8444423401018,Falha na requisição HTTP
8444409491765,Falha na requisição HTTP
8444407755250,Falha na requisição HTTP
8444411471636,Falha na requisição HTTP
8444422250857,Falha na requisição HTTP
8444414692900,Falha na requisição HTTP
8444408925931,Falha na requisição HTTP
8444413372244,Falha na requisição HTTP
8444427898847,Falha na requisição HTTP
8444405870753,Falha na requisição HTTP
8444402561636,Falha na requisição HTTP
8444415796335,Falha na requisição HTTP
8555508681440,Falha na requisição HTTP
1555531960735,Falha na requisição HTTP
8444426570929,Falha na requisição HTTP
8444410512193,Falha na requisição HTTP
8444409789063,Falha na requisição HTTP
8444432178857,Falha na requisição HTTP
8787713190110,Falha na requisição HTTP
8444416176624,Falha na requisição HTTP
1444415256146,Falha na requisição HTTP
1444400868450,Falha na requisição HTTP
8444415165297,Falha na requisição HTTP
8787711503285,Falha na requisição HTTP
8787714168894,Falha na requisição HTTP
8787715765861,Falha na requisição HTTP
8444407851241,Falha na requisição HTTP
8444409451569,Falha na requisição HTTP
8444423099192,Falha na requisição HTTP
8444407082035,Falha na requisição HTTP
8444408682311,Falha na requisição HTTP
8444414371330,Falha na requisição HTTP
8787705791320,Falha na requisição HTTP
8555538264376,Falha na requisição HTTP
8444433161087,Falha na requisição HTTP
8444425460887,Falha na requisição HTTP
8444405745355,Falha na requisição HTTP
10210455,Falha na requisição HTTP
8444410394883,Falha na requisição HTTP
10224695,Falha na requisição HTTP
1444419637233,Falha na requisição HTTP
1444416896718,Falha na requisição HTTP
1444419482370,Falha na requisição HTTP
8444428365699,Falha na requisição HTTP
8444429675969,Falha na requisição HTTP
8444429405902,Falha na requisição HTTP
10210225,Falha na requisição HTTP
8444429925108,Falha na requisição HTTP
8444427267472,Falha na requisição HTTP
8444408036959,Falha na requisição HTTP
10214784,Falha na requisição HTTP
1444411456183,Falha na requisição HTTP
8444405181338,Falha na requisição HTTP
8444421785129,Falha na requisição HTTP
1444403220214,Falha na requisição HTTP
1444420829132,Falha na requisição HTTP
1555525307685,Falha na requisição HTTP
10177897,Falha na requisição HTTP
10177905,Falha na requisição HTTP
10181122,Falha na requisição HTTP
8444404765263,Falha na requisição HTTP
8052600181169,Falha na requisição HTTP
1444416636511,Falha na requisição HTTP
1555534507772,Falha na requisição HTTP
8444423345029,Falha na requisição HTTP
8444422785750,Falha na requisição HTTP
8444424993741,Falha na requisição HTTP
8444413410405,Falha na requisição HTTP
8052700335087,Falha na requisição HTTP
8444426340516,Falha na requisição HTTP
8444409951057,Falha na requisição HTTP
1444407721366,Falha na requisição HTTP
8444414941773,Falha na requisição HTTP
10211602,Falha na requisição HTTP
8444423688538,Falha na requisição HTTP
8444429269391,Falha na requisição HTTP
1444416442474,Falha na requisição HTTP
8082700517322,Falha na requisição HTTP
8787707299067,Falha na requisição HTTP
8787708712642,Falha na requisição HTTP
8787711603697,Falha na requisição HTTP
8787713746711,Falha na requisição HTTP
8045400483738,Falha na requisição HTTP
1444401858033,Falha na requisição HTTP
1444406664008,Falha na requisição HTTP
1444418800920,Falha na requisição HTTP
1444406709931,Falha na requisição HTTP
1159120080399,Falha na requisição HTTP
8787708642970,Falha na requisição HTTP
8787702408569,Falha na requisição HTTP
8444425508880,Falha na requisição HTTP
8787702438417,Falha na requisição HTTP
8787715449307,Falha na requisição HTTP
1555514227790,Falha na requisição HTTP
10203835,Falha na requisição HTTP
10203836,Falha na requisição HTTP
8444420114506,Falha na requisição HTTP
8787711188177,Falha na requisição HTTP
8444427292280,Falha na requisição HTTP
1444422980032,Falha na requisição HTTP
8444425538479,Falha na requisição HTTP
1444420664702,Falha na requisição HTTP
8555506723766,Falha na requisição HTTP
1444400624799,Falha na requisição HTTP
1444402342529,Falha na requisição HTTP
8444404162933,Falha na requisição HTTP
8444413601162,Falha na requisição HTTP
8444409981169,Falha na requisição HTTP
8555517881783,Falha na requisição HTTP
8787709148635,Falha na requisição HTTP
1444421543097,Falha na requisição HTTP
1444401020773,Falha na requisição HTTP
8787706409667,Falha na requisição HTTP
8787707700110,Falha na requisição HTTP
8555523122260,Falha na requisição HTTP
8787710575177,Falha na requisição HTTP
1555521709886,Falha na requisição HTTP
10219365,Falha na requisição HTTP
8444421151634,Falha na requisição HTTP
1444415815684,Falha na requisição HTTP
8555525092989,Falha na requisição HTTP
8444426876491,Falha na requisição HTTP
1444402788306,Falha na requisição HTTP
8444414299966,Falha na requisição HTTP
1444403096319,Falha na requisição HTTP
8787706712904,Falha na requisição HTTP
1444419253354,Falha na requisição HTTP
8787706939313,Falha na requisição HTTP
1444424075671,Falha na requisição HTTP
8787709042365,Falha na requisição HTTP
1444416999428,Falha na requisição HTTP
1555517895590,Falha na requisição HTTP
8555530584568,Falha na requisição HTTP
8787706438837,Falha na requisição HTTP
8787710038031,Falha na requisição HTTP
8787703295547,Falha na requisição HTTP
8787704174441,Falha na requisição HTTP
8444427792933,Falha na requisição HTTP
8444425938515,Falha na requisição HTTP
1444418997198,Falha na requisição HTTP
10212204,Falha na requisição HTTP
8444402334443,Falha na requisição HTTP
8444415127697,Falha na requisição HTTP
1555517657664,Falha na requisição HTTP
1555531145306,Falha na requisição HTTP
1444408542864,Falha na requisição HTTP
1555509086807,Falha na requisição HTTP
10208954,Falha na requisição HTTP
8444407044800,Falha na requisição HTTP
8787721898053,Falha na requisição HTTP
10206997,Falha na requisição HTTP
8787702567187,Falha na requisição HTTP
8444421467097,Falha na requisição HTTP
8555517751308,Falha na requisição HTTP
8787709449660,Falha na requisição HTTP
1444408515131,Falha na requisição HTTP
8444411252233,Falha na requisição HTTP
10274382,Falha na requisição HTTP
8787700508124,Falha na requisição HTTP
1444423649577,Falha na requisição HTTP
8555521002632,Falha na requisição HTTP
1444400104060,Falha na requisição HTTP
1444419844310,Falha na requisição HTTP
1444418370080,Falha na requisição HTTP
1444418401155,Falha na requisição HTTP
8444428909036,Falha na requisição HTTP
8041700020056,Falha na requisição HTTP
8444432564390,Falha na requisição HTTP
8444418204145,Falha na requisição HTTP
8444414062613,Falha na requisição HTTP
8444420007645,Falha na requisição HTTP
8444409712591,Falha na requisição HTTP
1444422154485,Falha na requisição HTTP
8787712929669,Falha na requisição HTTP
8787713159018,Falha na requisição HTTP
8444429658371,Falha na requisição HTTP
8444411305833,Falha na requisição HTTP
8444420578260,Falha na requisição HTTP
8787717694120,Falha na requisição HTTP
8787706271355,Falha na requisição HTTP
8555521975380,Falha na requisição HTTP
8787704019217,Falha na requisição HTTP
8555533233286,Falha na requisição HTTP
8787712502240,Falha na requisição HTTP
10193940,Falha na requisição HTTP
8787714345613,Falha na requisição HTTP
8787717209842,Falha na requisição HTTP
8444415292990,Falha na requisição HTTP
8444416710221,Falha na requisição HTTP
8444422100472,Falha na requisição HTTP
10215141,Falha na requisição HTTP
1444412465070,Falha na requisição HTTP
1787702267797,Falha na requisição HTTP
8787717189140,Falha na requisição HTTP
8444427128014,Falha na requisição HTTP
8444424107970,Falha na requisição HTTP
1444413166816,Falha na requisição HTTP
1444416800893,Falha na requisição HTTP
8444403281440,Falha na requisição HTTP
8555540254579,Falha na requisição HTTP
1787701484930,Falha na requisição HTTP
8444404983066,Falha na requisição HTTP
8444424885850,Falha na requisição HTTP
8444424562465,Falha na requisição HTTP
8555539317864,Falha na requisição HTTP
8787708693265,Falha na requisição HTTP
8787705947002,Falha na requisição HTTP
8787714936441,Falha na requisição HTTP
1444415924149,Falha na requisição HTTP
8787700302453,Falha na requisição HTTP
8444430408952,Falha na requisição HTTP
8787715545853,Falha na requisição HTTP
1444415473163,Falha na requisição HTTP
8787714403320,Falha na requisição HTTP
1787701141404,Falha na requisição HTTP
8555527320660,Falha na requisição HTTP
8787716474836,Falha na requisição HTTP
8313000000579,Falha na requisição HTTP
8787715701286,Falha na requisição HTTP
8444430436670,Falha na requisição HTTP
1444414308037,Falha na requisição HTTP
8444425189989,Falha na requisição HTTP
1444418305970,Falha na requisição HTTP
8787701620785,Falha na requisição HTTP
1444419619510,Falha na requisição HTTP
1444418848397,Falha na requisição HTTP
8555533422607,Falha na requisição HTTP
8444405059524,Falha na requisição HTTP
8444413307574,Falha na requisição HTTP
8444419622692,Falha na requisição HTTP
8787703178575,Falha na requisição HTTP
8444421161885,Falha na requisição HTTP
8444406397865,Falha na requisição HTTP
8787704973859,Falha na requisição HTTP
8444401649564,Falha na requisição HTTP
8444427938555,Falha na requisição HTTP
8555523725283,Falha na requisição HTTP
8787706078318,Falha na requisição HTTP
8787715322510,Falha na requisição HTTP
1444412500038,Falha na requisição HTTP
10216482,Falha na requisição HTTP
1444419390386,Falha na requisição HTTP
1444418137229,Falha na requisição HTTP
1555515138422,Falha na requisição HTTP
8444412034965,Falha na requisição HTTP
1444420491778,Falha na requisição HTTP
1444419482868,Falha na requisição HTTP
10277899,Falha na requisição HTTP
10277901,Falha na requisição HTTP
10215807,Falha na requisição HTTP
1444405740975,Falha na requisição HTTP
8444416427236,Falha na requisição HTTP
8555535180066,Falha na requisição HTTP
8444422360717,Falha na requisição HTTP
8444429397942,Falha na requisição HTTP
8555533361195,Falha na requisição HTTP
1444414852829,Falha na requisição HTTP
8787713975915,Falha na requisição HTTP
1787702466404,Falha na requisição HTTP
8787701597937,Falha na requisição HTTP
8787708709706,Falha na requisição HTTP
8787715255987,Falha na requisição HTTP
1787701681050,Falha na requisição HTTP
1444421210187,Falha na requisição HTTP
10278241,Falha na requisição HTTP
1555522444509,Falha na requisição HTTP
8555533574067,Falha na requisição HTTP
8444420811010,Falha na requisição HTTP
8555518098365,Falha na requisição HTTP
1444413761048,Falha na requisição HTTP
1444421333220,Falha na requisição HTTP
8444401496601,Falha na requisição HTTP
8444413489575,Falha na requisição HTTP
1444417607230,Falha na requisição HTTP
8444417043210,Falha na requisição HTTP
